date,store_id,sku_id,units_sold,revenue,unit_price,promotion
2025-01-01,ST01,SKU00001,12,9760.92,813.41,0
2025-01-01,ST01,SKU00002,8,563.04,70.38,0
2025-01-01,ST01,SKU00003,5,756.4,151.28,0
2025-01-01,ST02,SKU00004,15,3504.6,233.64,1
2025-01-01,ST02,SKU00005,10,1385.0,138.5,0
2025-01-01,ST03,SKU00006,3,4241.76,1413.92,0
2025-01-01,ST03,SKU00007,20,2595.0,129.75,1
2025-01-01,ST04,SKU00008,8,3936.88,492.11,0
2025-01-01,ST04,SKU00009,15,3777.9,251.86,0
2025-01-01,ST05,SKU00010,5,8013.95,1602.79,0
2025-01-01,ST05,SKU00011,25,3084.0,123.36,0
2025-01-01,ST06,SKU00012,10,8135.2,813.52,1
2025-01-01,ST06,SKU00013,18,9395.1,521.95,0
2025-01-01,ST07,SKU00014,30,4845.0,161.5,0
2025-01-01,ST07,SKU00015,12,3326.88,277.24,0
2025-01-01,ST08,SKU00016,8,27829.2,3478.65,0
2025-01-01,ST08,SKU00017,20,5607.8,280.39,1
2025-01-01,ST09,SKU00018,15,1408.2,93.88,0
2025-01-01,ST09,SKU00019,7,2760.52,394.36,0
2025-01-01,ST10,SKU00020,25,2737.5,109.5,0
2025-01-01,ST10,SKU00021,18,2100.6,116.7,0
2025-01-02,ST01,SKU00022,15,3015.15,201.01,0
2025-01-02,ST01,SKU00023,6,12173.46,2028.91,1
2025-01-02,ST02,SKU00024,10,27110.5,2711.05,0
2025-01-02,ST02,SKU00025,8,19530.8,2441.35,0
2025-01-02,ST03,SKU00026,20,5749.4,287.47,0
2025-01-02,ST03,SKU00027,12,7298.88,608.24,0
2025-01-02,ST04,SKU00028,25,2361.25,94.45,1
2025-01-02,ST04,SKU00029,5,9935.9,1987.18,0
2025-01-02,ST05,SKU00030,15,6035.1,402.34,0
2025-01-02,ST05,SKU00031,10,1514.6,151.46,0
2025-01-03,ST06,SKU00032,30,1557.3,51.91,0
2025-01-03,ST06,SKU00033,8,1316.0,164.5,0
2025-01-03,ST07,SKU00034,6,12631.02,2105.17,1
2025-01-03,ST07,SKU00035,12,2583.84,215.32,0
2025-01-03,ST08,SKU00036,10,1887.9,188.79,0
2025-01-03,ST08,SKU00037,20,2197.2,109.86,0
2025-01-03,ST09,SKU00038,15,5662.8,377.52,0
2025-01-03,ST09,SKU00039,25,3120.75,124.83,0
2025-01-03,ST10,SKU00040,18,3720.6,206.7,0
2025-01-04,ST01,SKU00041,10,24907.4,2490.74,0
2025-01-04,ST01,SKU00042,8,8880.72,1110.09,1
2025-01-04,ST02,SKU00043,15,9230.55,615.37,0
2025-01-04,ST02,SKU00044,20,10515.4,525.77,0
2025-01-04,ST03,SKU00045,12,4232.52,352.71,0
2025-01-04,ST03,SKU00046,8,1232.0,154.0,0
2025-01-04,ST04,SKU00047,10,2894.4,289.44,0
2025-01-04,ST04,SKU00048,25,2792.0,111.68,0
2025-01-04,ST05,SKU00049,15,8763.75,584.25,1
2025-01-04,ST05,SKU00050,30,1022.4,34.08,0
2025-01-05,ST06,SKU00051,18,6061.5,336.75,0
2025-01-05,ST06,SKU00052,10,13721.5,1372.15,0
2025-01-05,ST07,SKU00053,20,6440.4,322.02,0
2025-01-05,ST07,SKU00054,8,16639.76,2079.97,0
2025-01-05,ST08,SKU00055,12,4912.56,409.38,1
2025-01-05,ST08,SKU00056,15,1197.0,79.8,0
2025-01-05,ST09,SKU00057,10,22870.8,2287.08,0
2025-01-05,ST09,SKU00058,25,2375.75,95.03,0
2025-01-05,ST10,SKU00059,20,2449.0,122.45,0
2025-01-06,ST01,SKU00060,15,10862.4,724.16,0
2025-01-06,ST01,SKU00061,8,1998.8,249.85,0
2025-01-06,ST02,SKU00062,12,5993.4,499.45,1
2025-01-06,ST02,SKU00063,10,16125.4,1612.54,0
2025-01-06,ST03,SKU00064,20,4297.2,214.86,0
2025-01-06,ST03,SKU00065,15,14461.8,964.12,0
2025-01-06,ST04,SKU00066,25,5556.25,222.25,0
2025-01-06,ST04,SKU00067,10,4924.6,492.46,0
2025-01-06,ST05,SKU00068,8,2135.52,266.94,0
2025-01-06,ST05,SKU00069,30,7766.7,258.89,1
2025-01-07,ST06,SKU00070,12,8867.4,738.95,0
2025-01-07,ST06,SKU00071,15,4097.85,273.19,0
2025-01-07,ST07,SKU00072,20,6545.0,327.25,0
2025-01-07,ST07,SKU00073,8,9728.16,1216.02,0
2025-01-07,ST08,SKU00074,25,4937.5,197.5,0
2025-01-07,ST08,SKU00075,10,36975.8,3697.58,1
2025-01-07,ST09,SKU00076,15,4593.75,306.25,0
2025-01-07,ST09,SKU00077,12,18753.84,1562.82,0
2025-01-07,ST10,SKU00078,20,16410.6,820.53,0
2025-01-08,ST01,SKU00079,10,1979.0,197.9,0
2025-01-08,ST01,SKU00080,25,2130.75,85.23,0
2025-01-08,ST02,SKU00081,15,1735.35,115.69,0
2025-01-08,ST02,SKU00082,20,9603.2,480.16,1
2025-01-08,ST03,SKU00083,12,4002.48,333.54,0
2025-01-08,ST03,SKU00084,8,10469.12,1308.64,0
2025-01-08,ST04,SKU00085,25,9317.0,372.68,0
2025-01-08,ST04,SKU00086,10,27860.1,2786.01,0
2025-01-08,ST05,SKU00087,15,3466.5,231.1,0
2025-01-08,ST05,SKU00088,30,4458.6,148.62,0
2025-01-09,ST06,SKU00089,20,6325.4,316.27,0
2025-01-09,ST06,SKU00090,12,7423.56,618.63,1
2025-01-09,ST07,SKU00091,25,5591.0,223.64,0
2025-01-09,ST07,SKU00092,10,8098.8,809.88,0
2025-01-09,ST08,SKU00093,15,3247.8,216.52,0
2025-01-09,ST08,SKU00094,8,8552.56,1069.07,0
2025-01-09,ST09,SKU00095,20,13936.4,696.82,0
2025-01-09,ST09,SKU00096,12,2523.0,210.25,0
2025-01-09,ST10,SKU00097,25,27592.75,1103.71,0
2025-01-10,ST01,SKU00098,15,4590.0,306.0,0
2025-01-10,ST01,SKU00099,10,16719.9,1671.99,0
2025-01-10,ST02,SKU00100,20,9310.6,465.53,1
2025-01-10,ST02,SKU00101,12,1470.84,122.57,0
2025-01-10,ST03,SKU00102,25,2794.25,111.77,0
2025-01-10,ST03,SKU00103,15,2695.5,179.7,0
2025-01-10,ST04,SKU00104,8,3119.12,389.89,0
2025-01-10,ST04,SKU00105,20,10060.0,503.0,0
2025-01-10,ST05,SKU00106,30,6024.0,200.8,0
2025-01-10,ST05,SKU00107,12,30141.36,2511.78,0
2025-01-11,ST06,SKU00108,25,2051.75,82.07,1
2025-01-11,ST06,SKU00109,10,1026.7,102.67,0
2025-01-11,ST07,SKU00110,15,4303.05,286.87,0
2025-01-11,ST07,SKU00111,8,18504.8,2316.85,0
2025-01-11,ST08,SKU00112,20,4377.8,218.89,0
2025-01-11,ST08,SKU00113,12,1638.6,136.55,0
2025-01-11,ST09,SKU00114,25,4245.75,169.83,0
2025-01-11,ST09,SKU00115,10,458.2,45.82,0
2025-01-11,ST10,SKU00116,15,4756.8,317.12,0
2025-01-12,ST01,SKU00117,20,5179.2,258.96,0
2025-01-12,ST01,SKU00118,25,7242.25,289.69,1
2025-01-12,ST02,SKU00119,12,11567.28,963.94,0
2025-01-12,ST02,SKU00120,30,14769.6,492.32,0
2025-01-12,ST03,SKU00121,8,1562.24,195.28,0
2025-01-12,ST03,SKU00122,15,2399.7,159.98,0
2025-01-12,ST04,SKU00123,20,1982.6,99.13,0
2025-01-12,ST04,SKU00124,25,8642.0,345.68,0
2025-01-12,ST05,SKU00125,12,5733.0,477.75,0
2025-01-12,ST05,SKU00126,10,2534.4,253.44,1
2025-01-13,ST06,SKU00127,15,3355.35,223.69,0
2025-01-13,ST06,SKU00128,20,14839.4,741.97,0
2025-01-13,ST07,SKU00129,25,5429.5,217.18,0
2025-01-13,ST07,SKU00130,8,2897.44,362.18,0
2025-01-13,ST08,SKU00131,30,3577.2,119.24,0
2025-01-13,ST08,SKU00132,12,5508.72,459.06,0
2025-01-13,ST09,SKU00133,10,17229.3,1722.93,0
2025-01-13,ST09,SKU00134,25,4996.5,199.86,1
2025-01-14,ST10,SKU00135,15,2872.8,191.52,0
2025-01-14,ST10,SKU00136,20,9947.4,497.37,0
2025-01-14,ST01,SKU00137,12,1745.16,145.43,0
2025-01-14,ST01,SKU00138,25,16710.0,668.4,0
2025-01-14,ST02,SKU00139,8,6326.56,790.82,0
2025-01-14,ST02,SKU00140,30,4443.3,148.11,0
2025-01-14,ST03,SKU00141,15,39043.95,2602.93,0
2025-01-14,ST03,SKU00142,20,2700.6,135.03,1
2025-01-14,ST04,SKU00143,25,1600.0,64.0,0
2025-01-14,ST04,SKU00144,12,2241.36,186.78,0
2025-01-15,ST05,SKU00145,10,4782.6,478.26,0
2025-01-15,ST05,SKU00146,15,10551.9,703.46,0
2025-01-15,ST06,SKU00147,20,15575.8,778.79,0
2025-01-15,ST06,SKU00148,25,8932.0,357.28,0
2025-01-15,ST07,SKU00149,30,4490.7,149.69,1
2025-01-15,ST07,SKU00150,8,2129.12,266.14,0
2025-01-15,ST08,SKU00151,12,2422.32,201.86,0
2025-01-15,ST08,SKU00152,20,36606.2,1830.31,0
2025-01-15,ST09,SKU00153,25,4606.25,184.25,0
2025-01-15,ST09,SKU00154,10,22793.8,2279.38,0
2025-01-16,ST10,SKU00155,15,8786.7,585.78,0
2025-01-16,ST10,SKU00156,20,3286.0,164.3,0
2025-01-16,ST01,SKU00157,25,2969.0,118.76,0
2025-01-16,ST01,SKU00158,8,3903.84,487.98,1
2025-01-16,ST02,SKU00159,30,6927.9,230.93,0
2025-01-16,ST02,SKU00160,12,2424.72,202.06,0
2025-01-16,ST03,SKU00161,15,7526.55,501.77,0
2025-01-16,ST03,SKU00162,20,55605.2,2780.26,0
2025-01-16,ST04,SKU00163,25,3791.75,151.67,0
2025-01-16,ST04,SKU00164,8,911.92,113.99,0
2025-01-17,ST05,SKU00165,30,2574.3,85.81,0
2025-01-17,ST05,SKU00166,12,9969.24,830.77,1
2025-01-17,ST06,SKU00167,20,51939.0,2596.95,0
2025-01-17,ST06,SKU00168,15,33514.8,2234.32,0
2025-01-17,ST07,SKU00169,25,2384.25,95.37,0
2025-01-17,ST07,SKU00170,8,9930.32,1241.29,0
2025-01-17,ST08,SKU00171,12,3048.95,253.93,0
2025-01-17,ST08,SKU00172,30,3365.4,112.18,0
2025-01-17,ST09,SKU00173,15,16450.2,1096.68,0
2025-01-17,ST09,SKU00174,20,12774.4,638.72,0
2025-01-18,ST10,SKU00175,25,4559.0,182.36,1
2025-01-18,ST10,SKU00176,8,360.64,45.08,0
2025-01-18,ST01,SKU00177,30,3439.5,114.65,0
2025-01-18,ST01,SKU00178,12,6327.84,527.32,0
2025-01-18,ST02,SKU00179,20,1707.2,85.36,0
2025-01-18,ST02,SKU00180,25,19268.0,770.72,0
2025-01-18,ST03,SKU00181,8,2519.6,314.95,0
2025-01-18,ST03,SKU00182,15,2681.1,178.74,0
2025-01-18,ST04,SKU00183,10,2520.7,252.07,0
2025-01-18,ST04,SKU00184,30,26986.5,899.55,0
2025-01-18,ST05,SKU00185,12,5816.76,484.73,1
2025-01-18,ST05,SKU00186,25,46571.0,1862.84,0
2025-01-18,ST06,SKU00187,20,5048.8,252.44,0
2025-01-18,ST06,SKU00188,8,1611.28,201.41,0
2025-01-18,ST07,SKU00189,30,2079.0,69.3,0
2025-01-18,ST07,SKU00190,12,1745.04,145.42,0
2025-01-18,ST08,SKU00191,15,8863.05,590.87,0
2025-01-18,ST08,SKU00192,20,3315.6,165.78,0
2025-01-19,ST09,SKU00193,25,7713.75,308.55,0
2025-01-19,ST09,SKU00194,8,4197.84,524.73,1
2025-01-19,ST10,SKU00195,30,34189.5,1139.65,0
2025-01-19,ST10,SKU00196,12,1091.76,90.98,0
2025-01-19,ST01,SKU00197,20,6612.4,330.62,0
2025-01-19,ST01,SKU00198,25,8511.5,340.46,0
2025-01-19,ST02,SKU00199,8,496.64,62.08,0
2025-01-19,ST02,SKU00200,30,4049.7,134.99,0
2025-01-19,ST03,SKU00201,12,10179.84,848.32,0
2025-01-19,ST03,SKU00202,15,5247.9,349.86,0
2025-01-19,ST04,SKU00203,20,3633.6,181.68,1
2025-01-19,ST04,SKU00204,25,15330.25,613.21,0
2025-01-19,ST05,SKU00205,8,1783.12,222.89,0
2025-01-19,ST05,SKU00206,30,6532.8,217.76,0
2025-01-20,ST06,SKU00207,12,1169.4,97.45,0
2025-01-20,ST06,SKU00208,15,17444.1,1162.94,0
2025-01-20,ST07,SKU00209,20,1772.6,88.63,0
2025-01-20,ST07,SKU00210,25,88921.25,3556.85,0
2025-01-20,ST08,SKU00211,8,9491.68,1189.16,0
2025-01-20,ST08,SKU00212,30,10469.4,348.98,1
2025-01-20,ST09,SKU00213,12,1389.12,115.76,0
2025-01-20,ST09,SKU00214,25,9804.5,392.18,0
2025-01-20,ST10,SKU00215,20,2040.6,102.03,0
2025-01-20,ST10,SKU00216,15,10176.0,678.4,0
2025-01-21,ST01,SKU00217,25,7258.25,290.33,0
2025-01-21,ST01,SKU00218,8,1839.52,229.94,0
2025-01-21,ST02,SKU00219,30,4230.0,141.0,0
2025-01-21,ST02,SKU00220,12,8797.08,733.09,1
2025-01-21,ST03,SKU00221,15,8672.4,578.16,0
2025-01-21,ST03,SKU00222,20,9845.2,492.26,0
2025-01-21,ST04,SKU00223,25,5435.5,217.42,0
2025-01-21,ST04,SKU00224,8,1294.88,161.86,0
2025-01-21,ST05,SKU00225,30,37007.4,1233.58,0
2025-01-21,ST05,SKU00226,12,891.36,74.28,0
2025-01-21,ST06,SKU00227,20,57024.4,2851.22,0
2025-01-21,ST06,SKU00228,15,44340.75,2956.05,0
2025-01-21,ST07,SKU00229,25,10545.5,421.82,1
2025-01-21,ST07,SKU00230,8,932.48,116.56,0
2025-01-21,ST08,SKU00231,30,4619.4,153.98,0
2025-01-21,ST08,SKU00232,12,1153.56,96.13,0
2025-01-21,ST09,SKU00233,15,1812.6,120.84,0
2025-01-21,ST09,SKU00234,20,2000.0,100.0,0
2025-01-21,ST10,SKU00235,25,3993.0,159.72,0
2025-01-22,ST01,SKU00236,8,833.92,104.24,0
2025-01-22,ST01,SKU00237,30,2857.2,95.24,1
2025-01-22,ST02,SKU00238,12,21191.08,1766.09,0
2025-01-22,ST02,SKU00239,25,26943.5,1077.74,0
2025-01-22,ST03,SKU00240,20,2861.6,143.08,0
2025-01-22,ST03,SKU00241,15,25659.0,1710.6,0
2025-01-22,ST04,SKU00242,8,1747.92,218.49,0
2025-01-22,ST04,SKU00243,30,14517.0,483.9,0
2025-01-22,ST05,SKU00244,12,9001.8,750.15,0
2025-01-22,ST05,SKU00245,25,100631.5,4025.26,0
2025-01-22,ST06,SKU00246,20,20424.4,1021.22,1
2025-01-22,ST06,SKU00247,15,3604.95,240.33,0
2025-01-22,ST07,SKU00248,8,450.48,56.31,0
2025-01-22,ST07,SKU00249,30,7301.4,243.38,0
2025-01-22,ST08,SKU00250,12,9672.3,322.41,0
2025-01-22,ST08,SKU00251,25,3595.75,143.83,0
2025-01-22,ST09,SKU00252,20,40120.6,2006.03,0
2025-01-22,ST09,SKU00253,15,4190.7,279.38,0
2025-01-22,ST10,SKU00254,8,844.4,105.55,0
2025-01-23,ST01,SKU00255,30,4765.8,158.86,0
2025-01-23,ST01,SKU00256,12,9266.04,772.17,1
2025-01-23,ST02,SKU00257,15,4616.25,307.75,0
2025-01-23,ST02,SKU00258,20,1839.6,91.98,0
2025-01-23,ST03,SKU00259,25,6237.0,249.48,0
2025-01-23,ST03,SKU00260,8,1117.92,139.74,0
2025-01-23,ST04,SKU00261,30,1865.4,62.18,0
2025-01-23,ST04,SKU00262,12,2051.04,170.92,0
2025-01-23,ST05,SKU00263,15,6645.15,443.51,0
2025-01-23,ST05,SKU00264,20,4854.8,242.74,0
2025-01-23,ST06,SKU00265,25,6155.75,246.23,0
2025-01-23,ST06,SKU00266,8,34355.36,4319.42,1
2025-01-23,ST07,SKU00267,30,3796.5,126.55,0
2025-01-23,ST07,SKU00268,12,1988.4,165.9,0
2025-01-23,ST08,SKU00269,15,2560.95,170.73,0
2025-01-23,ST08,SKU00270,20,10430.8,521.54,0
2025-01-23,ST09,SKU00271,25,1757.4,70.38,0
2025-01-23,ST09,SKU00272,8,24545.6,1227.28,0
2025-01-23,ST10,SKU00273,30,12096.9,403.23,0
2025-01-24,ST01,SKU00274,12,21336.0,1778.33,0
2025-01-24,ST01,SKU00275,15,55068.75,3671.25,1
2025-01-24,ST02,SKU00276,20,1005.4,50.27,0
2025-01-24,ST02,SKU00277,25,14641.0,585.64,0
2025-01-24,ST03,SKU00278,8,14462.52,1807.84,0
2025-01-24,ST03,SKU00279,30,3294.0,109.8,0
2025-01-24,ST04,SKU00280,12,4696.4,469.64,0
2025-01-24,ST04,SKU00281,15,2641.05,176.07,0
2025-01-24,ST05,SKU00282,20,61916.6,3095.83,0
2025-01-24,ST05,SKU00283,25,14003.25,560.13,0
2025-01-24,ST06,SKU00284,8,1116.08,139.51,0
2025-01-24,ST06,SKU00285,30,15170.1,505.67,0
2025-01-24,ST07,SKU00286,12,773.4,64.45,1
2025-01-24,ST07,SKU00287,15,13220.55,881.37,0
2025-01-24,ST08,SKU00288,20,2180.0,109.0,0
2025-01-24,ST08,SKU00289,25,13484.25,539.37,0
2025-01-24,ST09,SKU00290,8,1884.48,235.81,0
2025-01-24,ST09,SKU00291,30,5713.2,190.44,0
2025-01-24,ST10,SKU00292,12,2529.78,210.98,0
2025-01-24,ST10,SKU00293,15,1980.3,132.02,0
2025-01-25,ST01,SKU00294,20,4700.4,235.02,0
2025-01-25,ST01,SKU00295,25,25669.5,1026.78,1
2025-01-25,ST02,SKU00296,8,5482.32,685.29,0
2025-01-25,ST02,SKU00297,30,5175.6,172.52,0
2025-01-25,ST03,SKU00298,12,11491.8,383.06,0
2025-01-25,ST03,SKU00299,15,12630.9,842.06,0
2025-01-25,ST04,SKU00300,20,2011.0,100.55,0
2025-01-25,ST04,SKU00301,25,7922.25,316.89,0
2025-01-25,ST05,SKU00302,8,8997.3,299.91,0
2025-01-25,ST05,SKU00303,30,7720.5,257.35,0
2025-01-25,ST06,SKU00304,12,4538.95,377.93,1
2025-01-25,ST06,SKU00305,15,7396.65,493.11,0
2025-01-25,ST07,SKU00306,20,6017.2,300.86,0
2025-01-25,ST07,SKU00307,25,5245.5,209.82,0
2025-01-25,ST08,SKU00308,8,2730.8,341.35,0
2025-01-25,ST08,SKU00309,30,47390.75,1579.63,0
2025-01-25,ST09,SKU00310,12,930.24,77.52,0
2025-01-25,ST09,SKU00311,15,34438.2,2295.88,0
2025-01-25,ST10,SKU00312,20,1231.2,61.56,1
2025-01-25,ST10,SKU00313,25,21969.0,878.76,0
2025-01-26,ST01,SKU00314,12,5163.72,430.31,0
2025-01-26,ST01,SKU00315,20,3845.4,192.27,0
2025-01-26,ST02,SKU00316,8,6315.0,789.38,1
2025-01-26,ST02,SKU00317,25,7246.25,289.85,0
2025-01-26,ST03,SKU00318,15,11033.05,735.54,0
2025-01-26,ST03,SKU00319,30,2201.1,73.37,0
2025-01-26,ST04,SKU00320,12,8839.92,736.66,0
2025-01-26,ST04,SKU00321,20,3589.88,179.49,0
2025-01-26,ST05,SKU00322,25,7174.75,286.99,0
2025-01-26,ST05,SKU00323,8,3249.84,406.23,0
2025-01-26,ST06,SKU00324,30,8086.1,269.54,1
2025-01-26,ST06,SKU00325,12,1894.5,157.88,0
2025-01-26,ST07,SKU00326,15,6315.0,421.0,0
2025-01-26,ST07,SKU00327,20,2682.58,134.13,0
2025-01-26,ST08,SKU00328,25,3412.95,136.52,0
2025-01-26,ST08,SKU00329,8,376.07,47.01,0
2025-01-26,ST09,SKU00330,30,4025.8,134.19,0
2025-01-26,ST09,SKU00331,12,4504.35,375.36,0
2025-01-26,ST10,SKU00332,15,4472.55,298.17,0
2025-01-27,ST01,SKU00333,20,33401.0,1670.05,0
2025-01-27,ST01,SKU00334,25,61.52,2.46,1
2025-01-27,ST02,SKU00335,8,1477.45,184.68,0
2025-01-27,ST02,SKU00336,30,8049.3,268.31,0
2025-01-27,ST03,SKU00337,12,1128.24,94.02,0
2025-01-27,ST03,SKU00338,15,3760.7,250.71,0
2025-01-27,ST04,SKU00339,20,741.21,37.06,0
2025-01-27,ST04,SKU00340,25,1884.44,75.38,0
2025-01-27,ST05,SKU00341,8,4377.83,547.23,0
2025-01-27,ST05,SKU00342,30,10855.2,361.84,1
2025-01-27,ST06,SKU00343,12,2760.52,230.04,0
2025-01-27,ST06,SKU00344,15,25936.75,1729.12,0
2025-01-27,ST07,SKU00345,20,2300.8,115.04,0
2025-01-27,ST07,SKU00346,25,1350.03,54.0,0
2025-01-27,ST08,SKU00347,8,778.79,97.35,0
2025-01-27,ST08,SKU00348,30,5648.7,188.29,0
2025-01-27,ST09,SKU00349,12,1557.01,129.75,0
2025-01-27,ST09,SKU00350,15,1081.09,72.07,0
2025-01-27,ST10,SKU00351,20,1000.76,50.04,0
2025-01-27,ST10,SKU00352,25,5223.6,208.94,0
2025-01-28,ST01,SKU00353,30,69.57,2.32,0
2025-01-28,ST01,SKU00354,12,11087.4,923.95,1
2025-01-28,ST02,SKU00355,15,1139.65,75.98,0
2025-01-28,ST02,SKU00356,20,3351.0,167.55,0
2025-01-28,ST03,SKU00357,25,10167.75,406.71,0
2025-01-28,ST03,SKU00358,8,395.07,49.38,0
2025-01-28,ST04,SKU00359,30,165.98,5.53,0
2025-01-28,ST04,SKU00360,12,210.99,17.58,0
2025-01-28,ST05,SKU00361,15,150.12,10.01,0
2025-01-28,ST05,SKU00362,20,1778.33,88.92,0
2025-01-28,ST06,SKU00363,25,1103.75,44.15,1
2025-01-28,ST06,SKU00364,8,1769.39,220.67,0
2025-01-28,ST07,SKU00365,30,2618.33,87.28,0
2025-01-28,ST07,SKU00366,12,78.0,6.5,0
2025-01-28,ST08,SKU00367,15,197.31,13.15,0
2025-01-28,ST08,SKU00368,20,1853.07,92.65,0
2025-01-28,ST09,SKU00369,25,368.93,14.76,0
2025-01-28,ST09,SKU00370,8,680.89,85.11,0
2025-01-28,ST10,SKU00371,30,515.75,17.19,0
2025-01-28,ST10,SKU00372,12,44.47,3.71,0
2025-01-29,ST01,SKU00373,15,84.32,5.62,0
2025-01-29,ST01,SKU00374,20,1189.97,59.49,1
2025-01-29,ST02,SKU00375,25,115.0,4.6,0
2025-01-29,ST02,SKU00376,8,207.45,25.93,0
2025-01-29,ST03,SKU00377,30,209.39,6.98,0
2025-01-29,ST03,SKU00378,12,224.48,18.71,0
2025-01-29,ST04,SKU00379,15,1000.76,66.72,0
2025-01-29,ST04,SKU00380,20,293.11,14.66,0
2025-01-29,ST05,SKU00381,25,879.76,35.19,0
2025-01-29,ST05,SKU00382,8,308.55,38.57,0
2025-01-29,ST06,SKU00383,30,104.56,3.49,1
2025-01-29,ST06,SKU00384,12,190.85,15.9,0
2025-01-29,ST07,SKU00385,15,306.25,20.42,0
2025-01-29,ST07,SKU00386,20,215.32,10.77,0
2025-01-29,ST08,SKU00387,25,632.96,25.32,0
2025-01-29,ST08,SKU00388,8,63.62,7.95,0
2025-01-29,ST09,SKU00389,30,644.49,21.48,0
2025-01-29,ST09,SKU00390,12,437.62,36.47,0
2025-01-29,ST10,SKU00391,15,1207.83,80.52,0
2025-01-29,ST10,SKU00392,20,495.32,24.77,0
2025-01-30,ST01,SKU00393,25,88.75,3.55,0
2025-01-30,ST01,SKU00394,8,102.95,12.87,1
2025-01-30,ST02,SKU00395,30,1103.12,36.77,0
2025-01-30,ST02,SKU00396,12,394.96,32.91,0
2025-01-30,ST03,SKU00397,15,120.96,8.06,0
2025-01-30,ST03,SKU00398,20,5223.6,261.18,0
2025-01-30,ST04,SKU00399,25,4993.6,199.74,0
2025-01-30,ST04,SKU00400,8,1799.17,224.9,0
2025-01-30,ST05,SKU00401,30,1129.62,37.65,0
2025-01-30,ST05,SKU00402,12,723.68,60.31,0
2025-01-30,ST06,SKU00403,15,878.1,58.54,1
2025-01-30,ST06,SKU00404,20,230.08,11.5,0
2025-01-30,ST07,SKU00405,25,125.94,5.04,0
2025-01-30,ST07,SKU00406,8,373.11,46.64,0
2025-01-30,ST08,SKU00407,30,2769.83,92.33,0
2025-01-30,ST08,SKU00408,12,1499.98,124.17,0
2025-01-30,ST09,SKU00409,15,1557.01,103.8,0
2025-01-30,ST09,SKU00410,20,1081.09,54.05,0
2025-01-30,ST10,SKU00411,25,239.07,9.56,0
2025-01-30,ST10,SKU00412,8,627.15,78.39,0
2025-01-31,ST01,SKU00413,30,173.64,5.79,0
2025-01-31,ST01,SKU00414,12,47.09,3.92,1
2025-01-31,ST02,SKU00415,15,1769.39,117.96,0
2025-01-31,ST02,SKU00416,20,75.12,3.76,0
2025-01-31,ST03,SKU00417,25,40.43,1.62,0
2025-01-31,ST03,SKU00418,8,55.14,6.89,0
2025-01-31,ST04,SKU00419,30,509.64,16.99,0
2025-01-31,ST04,SKU00420,12,438.73,36.56,0
2025-01-31,ST05,SKU00421,15,52.21,3.48,0
2025-01-31,ST05,SKU00422,20,276.63,13.83,0
2025-01-31,ST06,SKU00423,25,109.08,4.36,1
2025-01-31,ST06,SKU00424,8,389.99,48.75,0
2025-01-31,ST07,SKU00425,30,209.07,6.97,0
2025-01-31,ST07,SKU00426,12,605.61,50.47,0
2025-01-31,ST08,SKU00427,15,290.82,19.39,0
2025-01-31,ST08,SKU00428,20,754.79,37.74,0
2025-01-31,ST09,SKU00429,25,582.88,23.32,0
2025-01-31,ST09,SKU00430,8,146.59,18.32,0
2025-01-31,ST10,SKU00431,30,123.61,4.12,0
2025-01-31,ST10,SKU00432,12,1977.65,164.8,0
2025-02-01,ST01,SKU00433,15,147.9,9.86,0
2025-02-01,ST01,SKU00434,20,206.78,10.34,1
2025-02-01,ST02,SKU00435,25,384.45,15.38,0
2025-02-01,ST02,SKU00436,8,605.61,75.7,0
2025-02-01,ST03,SKU00437,30,146.23,4.87,0
2025-02-01,ST03,SKU00438,12,90.72,7.56,0
2025-02-01,ST04,SKU00439,15,786.51,52.43,0
2025-02-01,ST04,SKU00440,20,398.41,19.92,0
2025-02-01,ST05,SKU00441,25,2730.45,109.22,0
2025-02-01,ST05,SKU00442,8,1105.86,138.23,0
2025-02-01,ST06,SKU00443,30,89.0,2.97,1
2025-02-01,ST06,SKU00444,12,165.41,13.78,0
2025-02-01,ST07,SKU00445,15,87.15,5.81,0
2025-02-01,ST07,SKU00446,20,2586.83,129.34,0
2025-02-01,ST08,SKU00447,25,198.19,7.93,0
2025-02-01,ST08,SKU00448,8,1318.48,164.81,0
2025-02-01,ST09,SKU00449,30,1254.12,41.8,0
2025-02-01,ST09,SKU00450,12,828.83,69.07,0
2025-02-01,ST10,SKU00451,15,1079.22,71.95,0
2025-02-01,ST10,SKU00452,20,367.58,18.38,0
2025-02-02,ST01,SKU00453,25,1823.85,72.95,0
2025-02-02,ST01,SKU00454,8,382.55,47.82,1
2025-02-02,ST02,SKU00455,30,79.58,2.65,0
2025-02-02,ST02,SKU00456,12,1343.21,111.93,0
2025-02-02,ST03,SKU00457,15,291.76,19.45,0
2025-02-02,ST03,SKU00458,20,265.45,13.27,0
2025-02-02,ST04,SKU00459,25,452.69,18.11,0
2025-02-02,ST04,SKU00460,8,147.1,18.39,0
2025-02-02,ST05,SKU00461,30,1558.84,51.96,0
2025-02-02,ST05,SKU00462,12,695.12,57.93,0
2025-02-02,ST06,SKU00463,15,241.55,16.1,1
2025-02-02,ST06,SKU00464,20,1727.58,86.38,0
2025-02-02,ST07,SKU00465,25,443.86,17.75,0
2025-02-02,ST07,SKU00466,8,1563.0,195.38,0
2025-02-02,ST08,SKU00467,30,90.38,3.01,0
2025-02-02,ST08,SKU00468,12,100.74,8.4,0
2025-02-02,ST09,SKU00469,15,152.95,10.2,0
2025-02-02,ST09,SKU00470,20,50.55,2.53,0
2025-02-02,ST10,SKU00471,25,344.74,13.79,0
2025-02-02,ST10,SKU00472,8,342.83,42.85,0
2025-02-03,ST01,SKU00473,30,111.63,3.72,0
2025-02-03,ST01,SKU00474,12,660.82,55.07,1
2025-02-03,ST02,SKU00475,15,217.56,14.5,0
2025-02-03,ST02,SKU00476,20,268.31,13.42,0
2025-02-03,ST03,SKU00477,25,1346.77,53.87,0
2025-02-03,ST03,SKU00478,8,212.18,26.52,0
2025-02-03,ST04,SKU00479,30,180.8,6.03,0
2025-02-03,ST04,SKU00480,12,179.04,14.92,0
2025-02-03,ST05,SKU00481,15,50.23,3.35,0
2025-02-03,ST05,SKU00482,20,2425.84,121.29,0
2025-02-03,ST06,SKU00483,25,209.96,8.4,1
2025-02-03,ST06,SKU00484,8,179.04,22.38,0
2025-02-03,ST07,SKU00485,30,478.26,39.52,0
2025-02-03,ST07,SKU00486,12,2711.05,225.92,0
2025-02-03,ST08,SKU00487,15,209.96,13.99,0
2025-02-03,ST08,SKU00488,20,289.84,14.49,0
2025-02-03,ST09,SKU00489,25,4490.7,179.63,0
2025-02-03,ST09,SKU00490,8,1823.85,227.98,0
2025-02-03,ST10,SKU00491,30,1506.33,100.42,0
2025-02-03,ST10,SKU00492,12,1126.69,93.89,0
2025-02-04,ST01,SKU00493,15,391.9,26.13,0
2025-02-04,ST01,SKU00494,20,320.97,16.05,1
2025-02-04,ST02,SKU00495,25,1685.32,67.41,0
2025-02-04,ST02,SKU00496,8,313.44,39.18,0
2025-02-04,ST03,SKU00497,30,399.27,13.31,0
2025-02-04,ST03,SKU00498,12,564.17,47.01,0
2025-02-04,ST04,SKU00499,15,110.32,7.35,0
2025-02-04,ST04,SKU00500,20,1264.58,63.23,0
2025-02-04,ST05,SKU00501,25,399.18,15.97,0
2025-02-04,ST05,SKU00502,8,898.08,112.26,0
2025-02-04,ST06,SKU00503,30,114.18,3.81,1
2025-02-04,ST06,SKU00504,12,1466.31,122.19,0
2025-02-04,ST07,SKU00505,15,353.96,23.6,0
2025-02-04,ST07,SKU00506,20,319.73,15.99,0
2025-02-04,ST08,SKU00507,25,1588.92,63.56,0
2025-02-04,ST08,SKU00508,8,567.86,70.98,0
2025-02-04,ST09,SKU00509,30,238.23,7.94,0
2025-02-04,ST09,SKU00510,12,208.61,17.38,0
2025-02-04,ST10,SKU00511,15,172.85,11.52,0
2025-02-04,ST10,SKU00512,20,2201.13,110.06,0
2025-02-05,ST01,SKU00513,25,878.1,35.12,0
2025-02-05,ST01,SKU00514,8,140.49,17.56,1
2025-02-05,ST02,SKU00515,30,445.26,14.84,0
2025-02-05,ST02,SKU00516,12,823.25,68.6,0
2025-02-05,ST03,SKU00517,15,267.35,17.82,0
2025-02-05,ST03,SKU00518,20,898.08,44.9,0
2025-02-05,ST04,SKU00519,25,399.18,15.97,0
2025-02-05,ST04,SKU00520,8,567.86,70.98,0
2025-02-05,ST05,SKU00521,30,238.23,7.94,0
2025-02-05,ST05,SKU00522,12,208.61,17.38,0
2025-02-05,ST06,SKU00523,15,172.85,11.52,1
2025-02-05,ST06,SKU00524,20,2201.13,110.06,0
2025-02-05,ST07,SKU00525,25,878.1,35.12,0
2025-02-05,ST07,SKU00526,8,140.49,17.56,0
2025-02-05,ST08,SKU00527,30,445.26,14.84,0
2025-02-05,ST08,SKU00528,12,823.25,68.6,0
2025-02-05,ST09,SKU00529,15,267.35,17.82,0
2025-02-05,ST09,SKU00530,20,898.08,44.9,0
2025-02-05,ST10,SKU00531,25,399.18,15.97,0
2025-02-05,ST10,SKU00532,8,567.86,70.98,0
2025-02-06,ST01,SKU00533,30,238.23,7.94,0
2025-02-06,ST01,SKU00534,12,208.61,17.38,1
2025-02-06,ST02,SKU00535,15,172.85,11.52,0
2025-02-06,ST02,SKU00536,20,2201.13,110.06,0
2025-02-06,ST03,SKU00537,25,878.1,35.12,0
2025-02-06,ST03,SKU00538,8,140.49,17.56,0
2025-02-06,ST04,SKU00539,30,445.26,14.84,0
2025-02-06,ST04,SKU00540,12,823.25,68.6,0
2025-02-06,ST05,SKU00541,15,267.35,17.82,0
2025-02-06,ST05,SKU00542,20,898.08,44.9,0
2025-02-06,ST06,SKU00543,25,399.18,15.97,1
2025-02-06,ST06,SKU00544,8,567.86,70.98,0
2025-02-06,ST07,SKU00545,30,238.23,7.94,0
2025-02-06,ST07,SKU00546,12,208.61,17.38,0
2025-02-06,ST08,SKU00547,15,172.85,11.52,0
2025-02-06,ST08,SKU00548,20,2201.13,110.06,0
2025-02-06,ST09,SKU00549,25,878.1,35.12,0
2025-02-06,ST09,SKU00550,8,140.49,17.56,0
2025-02-06,ST10,SKU00551,30,445.26,14.84,0
2025-02-06,ST10,SKU00552,12,823.25,68.6,0
2025-02-07,ST01,SKU00553,15,267.35,17.82,0
2025-02-07,ST01,SKU00554,20,898.08,44.9,1
2025-02-07,ST02,SKU00555,25,399.18,15.97,0
2025-02-07,ST02,SKU00556,8,567.86,70.98,0
2025-02-07,ST03,SKU00557,30,238.23,7.94,0
2025-02-07,ST03,SKU00558,12,208.61,17.38,0
2025-02-07,ST04,SKU00559,15,172.85,11.52,0
2025-02-07,ST04,SKU00560,20,2201.13,110.06,0
2025-02-07,ST05,SKU00561,25,878.1,35.12,0
2025-02-07,ST05,SKU00562,8,140.49,17.56,0
2025-02-07,ST06,SKU00563,30,445.26,14.84,1
2025-02-07,ST06,SKU00564,12,823.25,68.6,0
2025-02-07,ST07,SKU00565,15,267.35,17.82,0
2025-02-07,ST07,SKU00566,20,898.08,44.9,0
2025-02-07,ST08,SKU00567,25,399.18,15.97,0
2025-02-07,ST08,SKU00568,8,567.86,70.98,0
2025-02-07,ST09,SKU00569,30,238.23,7.94,0
2025-02-07,ST09,SKU00570,12,208.61,17.38,0
2025-02-07,ST10,SKU00571,15,172.85,11.52,0
2025-02-07,ST10,SKU00572,20,2201.13,110.06,0
2025-02-08,ST01,SKU00573,25,878.1,35.12,0
2025-02-08,ST01,SKU00574,8,140.49,17.56,1
2025-02-08,ST02,SKU00575,30,445.26,14.84,0
2025-02-08,ST02,SKU00576,12,823.25,68.6,0
2025-02-08,ST03,SKU00577,15,267.35,17.82,0
2025-02-08,ST03,SKU00578,20,898.08,44.9,0
2025-02-08,ST04,SKU00579,25,399.18,15.97,0
2025-02-08,ST04,SKU00580,8,567.86,70.98,0
2025-02-08,ST05,SKU00581,30,238.23,7.94,0
2025-02-08,ST05,SKU00582,12,208.61,17.38,0
2025-02-08,ST06,SKU00583,15,172.85,11.52,1
2025-02-08,ST06,SKU00584,20,2201.13,110.06,0
2025-02-08,ST07,SKU00585,25,878.1,35.12,0
2025-02-08,ST07,SKU00586,8,140.49,17.56,0
2025-02-08,ST08,SKU00587,30,445.26,14.84,0
2025-02-08,ST08,SKU00588,12,823.25,68.6,0
2025-02-08,ST09,SKU00589,15,267.35,17.82,0
2025-02-08,ST09,SKU00590,20,898.08,44.9,0
2025-02-08,ST10,SKU00591,25,399.18,15.97,0
2025-02-08,ST10,SKU00592,8,567.86,70.98,0
2025-02-09,ST01,SKU00593,30,238.23,7.94,0
2025-02-09,ST01,SKU00594,12,208.61,17.38,1
2025-02-09,ST02,SKU00595,15,172.85,11.52,0
2025-02-09,ST02,SKU00596,20,2201.13,110.06,0
2025-02-09,ST03,SKU00597,25,878.1,35.12,0
2025-02-09,ST03,SKU00598,8,140.49,17.56,0
2025-02-09,ST04,SKU00599,30,445.26,14.84,0
2025-02-09,ST04,SKU00600,12,823.25,68.6,0
2025-02-09,ST05,SKU00601,15,267.35,17.82,0
2025-02-09,ST05,SKU00602,20,898.08,44.9,0
2025-02-09,ST06,SKU00603,25,399.18,15.97,1
2025-02-09,ST06,SKU00604,8,567.86,70.98,0
2025-02-09,ST07,SKU00605,30,238.23,7.94,0
2025-02-09,ST07,SKU00606,12,208.61,17.38,0
2025-02-09,ST08,SKU00607,15,172.85,11.52,0
2025-02-09,ST08,SKU00608,20,2201.13,110.06,0
2025-02-09,ST09,SKU00609,25,878.1,35.12,0
2025-02-09,ST09,SKU00610,8,140.49,17.56,0
2025-02-09,ST10,SKU00611,30,445.26,14.84,0
2025-02-09,ST10,SKU00612,12,823.25,68.6,0
2025-02-10,ST01,SKU00613,15,267.35,17.82,0
2025-02-10,ST01,SKU00614,20,898.08,44.9,1
2025-02-10,ST02,SKU00615,25,399.18,15.97,0
2025-02-10,ST02,SKU00616,8,567.86,70.98,0
2025-02-10,ST03,SKU00617,30,238.23,7.94,0
2025-02-10,ST03,SKU00618,12,208.61,17.38,0
2025-02-10,ST04,SKU00619,15,172.85,11.52,0
2025-02-10,ST04,SKU00620,20,2201.13,110.06,0
2025-02-10,ST05,SKU00621,25,878.1,35.12,0
2025-02-10,ST05,SKU00622,8,140.49,17.56,0
2025-02-10,ST06,SKU00623,30,445.26,14.84,1
2025-02-10,ST06,SKU00624,12,823.25,68.6,0
2025-02-10,ST07,SKU00625,15,267.35,17.82,0
2025-02-10,ST07,SKU00626,20,898.08,44.9,0
2025-02-10,ST08,SKU00627,25,399.18,15.97,0
2025-02-10,ST08,SKU00628,8,567.86,70.98,0
2025-02-10,ST09,SKU00629,30,238.23,7.94,0
2025-02-10,ST09,SKU00630,12,208.61,17.38,0
2025-02-10,ST10,SKU00631,15,172.85,11.52,0
2025-02-10,ST10,SKU00632,20,2201.13,110.06,0
2025-02-11,ST01,SKU00633,25,878.1,35.12,0
2025-02-11,ST01,SKU00634,8,140.49,17.56,1
2025-02-11,ST02,SKU00635,30,445.26,14.84,0
2025-02-11,ST02,SKU00636,12,823.25,68.6,0
2025-02-11,ST03,SKU00637,15,267.35,17.82,0
2025-02-11,ST03,SKU00638,20,898.08,44.9,0
2025-02-11,ST04,SKU00639,25,399.18,15.97,0
2025-02-11,ST04,SKU00640,8,567.86,70.98,0
2025-02-11,ST05,SKU00641,30,238.23,7.94,0
2025-02-11,ST05,SKU00642,12,208.61,17.38,0
2025-02-11,ST06,SKU00643,15,172.85,11.52,1
2025-02-11,ST06,SKU00644,20,2201.13,110.06,0
2025-02-11,ST07,SKU00645,25,878.1,35.12,0
2025-02-11,ST07,SKU00646,8,140.49,17.56,0
2025-02-11,ST08,SKU00647,30,445.26,14.84,0
2025-02-11,ST08,SKU00648,12,823.25,68.6,0
2025-02-11,ST09,SKU00649,15,267.35,17.82,0
2025-02-11,ST09,SKU00650,20,898.08,44.9,0
2025-02-11,ST10,SKU00651,25,399.18,15.97,0
2025-02-11,ST10,SKU00652,8,567.86,70.98,0
2025-02-12,ST01,SKU00653,30,238.23,7.94,0
2025-02-12,ST01,SKU00654,12,208.61,17.38,1
2025-02-12,ST02,SKU00655,15,172.85,11.52,0
2025-02-12,ST02,SKU00656,20,2201.13,110.06,0
2025-02-12,ST03,SKU00657,25,878.1,35.12,0
2025-02-12,ST03,SKU00658,8,140.49,17.56,0
2025-02-12,ST04,SKU00659,30,445.26,14.84,0
2025-02-12,ST04,SKU00660,12,823.25,68.6,0
2025-02-12,ST05,SKU00661,15,267.35,17.82,0
2025-02-12,ST05,SKU00662,20,898.08,44.9,0
2025-02-12,ST06,SKU00663,25,399.18,15.97,1
2025-02-12,ST06,SKU00664,8,567.86,70.98,0
2025-02-12,ST07,SKU00665,30,238.23,7.94,0
2025-02-12,ST07,SKU00666,12,208.61,17.38,0
2025-02-12,ST08,SKU00667,15,172.85,11.52,0
2025-02-12,ST08,SKU00668,20,2201.13,110.06,0
2025-02-12,ST09,SKU00669,25,878.1,35.12,0
2025-02-12,ST09,SKU00670,8,140.49,17.56,0
2025-02-12,ST10,SKU00671,30,445.26,14.84,0
2025-02-12,ST10,SKU00672,12,823.25,68.6,0
2025-02-13,ST01,SKU00673,15,267.35,17.82,0
2025-02-13,ST01,SKU00674,20,898.08,44.9,1
2025-02-13,ST02,SKU00675,25,399.18,15.97,0
2025-02-13,ST02,SKU00676,8,567.86,70.98,0
2025-02-13,ST03,SKU00677,30,238.23,7.94,0
2025-02-13,ST03,SKU00678,12,208.61,17.38,0
2025-02-13,ST04,SKU00679,15,172.85,11.52,0
2025-02-13,ST04,SKU00680,20,2201.13,110.06,0
2025-02-13,ST05,SKU00681,25,878.1,35.12,0
2025-02-13,ST05,SKU00682,8,140.49,17.56,0
2025-02-13,ST06,SKU00683,30,445.26,14.84,1
2025-02-13,ST06,SKU00684,12,823.25,68.6,0
2025-02-13,ST07,SKU00685,15,267.35,17.82,0
2025-02-13,ST07,SKU00686,20,898.08,44.9,0
2025-02-13,ST08,SKU00687,25,399.18,15.97,0
2025-02-13,ST08,SKU00688,8,567.86,70.98,0
2025-02-13,ST09,SKU00689,30,238.23,7.94,0
2025-02-13,ST09,SKU00690,12,208.61,17.38,0
2025-02-13,ST10,SKU00691,15,172.85,11.52,0
2025-02-13,ST10,SKU00692,20,2201.13,110.06,0
2025-02-14,ST01,SKU00693,25,878.1,35.12,0
2025-02-14,ST01,SKU00694,8,140.49,17.56,1
2025-02-14,ST02,SKU00695,30,445.26,14.84,0
2025-02-14,ST02,SKU00696,12,823.25,68.6,0
2025-02-14,ST03,SKU00697,15,267.35,17.82,0
2025-02-14,ST03,SKU00698,20,898.08,44.9,0
2025-02-14,ST04,SKU00699,25,399.18,15.97,0
2025-02-14,ST04,SKU00700,8,567.86,70.98,0
2025-02-14,ST05,SKU00701,30,238.23,7.94,0
2025-02-14,ST05,SKU00702,12,208.61,17.38,0
2025-02-14,ST06,SKU00703,15,172.85,11.52,1
2025-02-14,ST06,SKU00704,20,2201.13,110.06,0
2025-02-14,ST07,SKU00705,25,878.1,35.12,0
2025-02-14,ST07,SKU00706,8,140.49,17.56,0
2025-02-14,ST08,SKU00707,30,445.26,14.84,0
2025-02-14,ST08,SKU00708,12,823.25,68.6,0
2025-02-14,ST09,SKU00709,15,267.35,17.82,0
2025-02-14,ST09,SKU00710,20,898.08,44.9,0
2025-02-14,ST10,SKU00711,25,399.18,15.97,0
2025-02-14,ST10,SKU00712,8,567.86,70.98,0
2025-02-15,ST01,SKU00713,30,238.23,7.94,0
2025-02-15,ST01,SKU00714,12,208.61,17.38,1
2025-02-15,ST02,SKU00715,15,172.85,11.52,0
2025-02-15,ST02,SKU00716,20,2201.13,110.06,0
2025-02-15,ST03,SKU00717,25,878.1,35.12,0
2025-02-15,ST03,SKU00718,8,140.49,17.56,0
2025-02-15,ST04,SKU00719,30,445.26,14.84,0
2025-02-15,ST04,SKU00720,12,823.25,68.6,0
2025-02-15,ST05,SKU00721,15,267.35,17.82,0
2025-02-15,ST05,SKU00722,20,898.08,44.9,0
2025-02-15,ST06,SKU00723,25,399.18,15.97,1
2025-02-15,ST06,SKU00724,8,567.86,70.98,0
2025-02-15,ST07,SKU00725,30,238.23,7.94,0
2025-02-15,ST07,SKU00726,12,208.61,17.38,0
2025-02-15,ST08,SKU00727,15,172.85,11.52,0
2025-02-15,ST08,SKU00728,20,2201.13,110.06,0
2025-02-15,ST09,SKU00729,25,878.1,35.12,0
2025-02-15,ST09,SKU00730,8,140.49,17.56,0
2025-02-15,ST10,SKU00731,30,445.26,14.84,0
2025-02-15,ST10,SKU00732,12,823.25,68.6,0
2025-02-16,ST01,SKU00733,15,267.35,17.82,0
2025-02-16,ST01,SKU00734,20,898.08,44.9,1
2025-02-16,ST02,SKU00735,25,399.18,15.97,0
2025-02-16,ST02,SKU00736,8,567.86,70.98,0
2025-02-16,ST03,SKU00737,30,238.23,7.94,0
2025-02-16,ST03,SKU00738,12,208.61,17.38,0
2025-02-16,ST04,SKU00739,15,172.85,11.52,0
2025-02-16,ST04,SKU00740,20,2201.13,110.06,0
2025-02-16,ST05,SKU00741,25,878.1,35.12,0
2025-02-16,ST05,SKU00742,8,140.49,17.56,0
2025-02-16,ST06,SKU00743,30,445.26,14.84,1
2025-02-16,ST06,SKU00744,12,823.25,68.6,0
2025-02-16,ST07,SKU00745,15,267.35,17.82,0
2025-02-16,ST07,SKU00746,20,898.08,44.9,0
2025-02-16,ST08,SKU00747,25,399.18,15.97,0
2025-02-16,ST08,SKU00748,8,567.86,70.98,0
2025-02-16,ST09,SKU00749,30,238.23,7.94,0
2025-02-16,ST09,SKU00750,12,208.61,17.38,0
2025-02-16,ST10,SKU00751,15,172.85,11.52,0
2025-02-16,ST10,SKU00752,20,2201.13,110.06,0
2025-02-17,ST01,SKU00753,25,878.1,35.12,0
2025-02-17,ST01,SKU00754,8,140.49,17.56,1
2025-02-17,ST02,SKU00755,30,445.26,14.84,0
2025-02-17,ST02,SKU00756,12,823.25,68.6,0
2025-02-17,ST03,SKU00757,15,267.35,17.82,0
2025-02-17,ST03,SKU00758,20,898.08,44.9,0
2025-02-17,ST04,SKU00759,25,399.18,15.97,0
2025-02-17,ST04,SKU00760,8,567.86,70.98,0
2025-02-17,ST05,SKU00761,30,238.23,7.94,0
2025-02-17,ST05,SKU00762,12,208.61,17.38,0
2025-02-17,ST06,SKU00763,15,172.85,11.52,1
2025-02-17,ST06,SKU00764,20,2201.13,110.06,0
2025-02-17,ST07,SKU00765,25,878.1,35.12,0
2025-02-17,ST07,SKU00766,8,140.49,17.56,0
2025-02-17,ST08,SKU00767,30,445.26,14.84,0
2025-02-17,ST08,SKU00768,12,823.25,68.6,0
2025-02-17,ST09,SKU00769,15,267.35,17.82,0
2025-02-17,ST09,SKU00770,20,898.08,44.9,0
2025-02-17,ST10,SKU00771,25,399.18,15.97,0
2025-02-17,ST10,SKU00772,8,567.86,70.98,0
2025-02-18,ST01,SKU00773,30,238.23,7.94,0
2025-02-18,ST01,SKU00774,12,208.61,17.38,1
2025-02-18,ST02,SKU00775,15,172.85,11.52,0
2025-02-18,ST02,SKU00776,20,2201.13,110.06,0
2025-02-18,ST03,SKU00777,25,878.1,35.12,0
2025-02-18,ST03,SKU00778,8,140.49,17.56,0
2025-02-18,ST04,SKU00779,30,445.26,14.84,0
2025-02-18,ST04,SKU00780,12,823.25,68.6,0
2025-02-18,ST05,SKU00781,15,267.35,17.82,0
2025-02-18,ST05,SKU00782,20,898.08,44.9,0
2025-02-18,ST06,SKU00783,25,399.18,15.97,1
2025-02-18,ST06,SKU00784,8,567.86,70.98,0
2025-02-18,ST07,SKU00785,30,238.23,7.94,0
2025-02-18,ST07,SKU00786,12,208.61,17.38,0
2025-02-18,ST08,SKU00787,15,172.85,11.52,0
2025-02-18,ST08,SKU00788,20,2201.13,110.06,0
2025-02-18,ST09,SKU00789,25,878.1,35.12,0
2025-02-18,ST09,SKU00790,8,140.49,17.56,0
2025-02-18,ST10,SKU00791,30,445.26,14.84,0
2025-02-18,ST10,SKU00792,12,823.25,68.6,0
2025-02-19,ST01,SKU00793,15,267.35,17.82,0
2025-02-19,ST01,SKU00794,20,898.08,44.9,1
2025-02-19,ST02,SKU00795,25,399.18,15.97,0
2025-02-19,ST02,SKU00796,8,567.86,70.98,0
2025-02-19,ST03,SKU00797,30,238.23,7.94,0
2025-02-19,ST03,SKU00798,12,208.61,17.38,0
2025-02-19,ST04,SKU00799,15,172.85,11.52,0
2025-02-19,ST04,SKU00800,20,2201.13,110.06,0
2025-02-19,ST05,SKU00801,25,878.1,35.12,0
2025-02-19,ST05,SKU00802,8,140.49,17.56,0
2025-02-19,ST06,SKU00803,30,445.26,14.84,1
2025-02-19,ST06,SKU00804,12,823.25,68.6,0
2025-02-19,ST07,SKU00805,15,267.35,17.82,0
2025-02-19,ST07,SKU00806,20,898.08,44.9,0
2025-02-19,ST08,SKU00807,25,399.18,15.97,0
2025-02-19,ST08,SKU00808,8,567.86,70.98,0
2025-02-19,ST09,SKU00809,30,238.23,7.94,0
2025-02-19,ST09,SKU00810,12,208.61,17.38,0
2025-02-19,ST10,SKU00811,15,172.85,11.52,0
2025-02-19,ST10,SKU00812,20,2201.13,110.06,0
2025-02-20,ST01,SKU00813,25,878.1,35.12,0
2025-02-20,ST01,SKU00814,8,140.49,17.56,1
2025-02-20,ST02,SKU00815,30,445.26,14.84,0
2025-02-20,ST02,SKU00816,12,823.25,68.6,0
2025-02-20,ST03,SKU00817,15,267.35,17.82,0
2025-02-20,ST03,SKU00818,20,898.08,44.9,0
2025-02-20,ST04,SKU00819,25,399.18,15.97,0
2025-02-20,ST04,SKU00820,8,567.86,70.98,0
2025-02-20,ST05,SKU00821,30,238.23,7.94,0
2025-02-20,ST05,SKU00822,12,208.61,17.38,0
2025-02-20,ST06,SKU00823,15,172.85,11.52,1
2025-02-20,ST06,SKU00824,20,2201.13,110.06,0
2025-02-20,ST07,SKU00825,25,878.1,35.12,0
2025-02-20,ST07,SKU00826,8,140.49,17.56,0
2025-02-20,ST08,SKU00827,30,445.26,14.84,0
2025-02-20,ST08,SKU00828,12,823.25,68.6,0
2025-02-20,ST09,SKU00829,15,267.35,17.82,0
2025-02-20,ST09,SKU00830,20,898.08,44.9,0
2025-02-20,ST10,SKU00831,25,399.18,15.97,0
2025-02-20,ST10,SKU00832,8,567.86,70.98,0
2025-02-21,ST01,SKU00833,30,238.23,7.94,0
2025-02-21,ST01,SKU00834,12,208.61,17.38,1
2025-02-21,ST02,SKU00835,15,172.85,11.52,0
2025-02-21,ST02,SKU00836,20,2201.13,110.06,0
2025-02-21,ST03,SKU00837,25,878.1,35.12,0
2025-02-21,ST03,SKU00838,8,140.49,17.56,0
2025-02-21,ST04,SKU00839,30,445.26,14.84,0
2025-02-21,ST04,SKU00840,12,823.25,68.6,0
2025-02-21,ST05,SKU00841,15,267.35,17.82,0
2025-02-21,ST05,SKU00842,20,898.08,44.9,0
2025-02-21,ST06,SKU00843,25,399.18,15.97,1
2025-02-21,ST06,SKU00844,8,567.86,70.98,0
2025-02-21,ST07,SKU00845,30,238.23,7.94,0
2025-02-21,ST07,SKU00846,12,208.61,17.38,0
2025-02-21,ST08,SKU00847,15,172.85,11.52,0
2025-02-21,ST08,SKU00848,20,2201.13,110.06,0
2025-02-21,ST09,SKU00849,25,878.1,35.12,0
2025-02-21,ST09,SKU00850,8,140.49,17.56,0
2025-02-21,ST10,SKU00851,30,445.26,14.84,0
2025-02-21,ST10,SKU00852,12,823.25,68.6,0
2025-02-22,ST01,SKU00853,15,267.35,17.82,0
2025-02-22,ST01,SKU00854,20,898.08,44.9,1
2025-02-22,ST02,SKU00855,25,399.18,15.97,0
2025-02-22,ST02,SKU00856,8,567.86,70.98,0
2025-02-22,ST03,SKU00857,30,238.23,7.94,0
2025-02-22,ST03,SKU00858,12,208.61,17.38,0
2025-02-22,ST04,SKU00859,15,172.85,11.52,0
2025-02-22,ST04,SKU00860,20,2201.13,110.06,0
2025-02-22,ST05,SKU00861,25,878.1,35.12,0
2025-02-22,ST05,SKU00862,8,140.49,17.56,0
2025-02-22,ST06,SKU00863,30,445.26,14.84,1
2025-02-22,ST06,SKU00864,12,823.25,68.6,0
2025-02-22,ST07,SKU00865,15,267.35,17.82,0
2025-02-22,ST07,SKU00866,20,898.08,44.9,0
2025-02-22,ST08,SKU00867,25,399.18,15.97,0
2025-02-22,ST08,SKU00868,8,567.86,70.98,0
2025-02-22,ST09,SKU00869,30,238.23,7.94,0
2025-02-22,ST09,SKU00870,12,208.61,17.38,0
2025-02-22,ST10,SKU00871,15,172.85,11.52,0
2025-02-22,ST10,SKU00872,20,2201.13,110.06,0
2025-02-23,ST01,SKU00873,25,878.1,35.12,0
2025-02-23,ST01,SKU00874,8,140.49,17.56,1
2025-02-23,ST02,SKU00875,30,445.26,14.84,0
2025-02-23,ST02,SKU00876,12,823.25,68.6,0
2025-02-23,ST03,SKU00877,15,267.35,17.82,0
2025-02-23,ST03,SKU00878,20,898.08,44.9,0
2025-02-23,ST04,SKU00879,25,399.18,15.97,0
2025-02-23,ST04,SKU00880,8,567.86,70.98,0
2025-02-23,ST05,SKU00881,30,238.23,7.94,0
2025-02-23,ST05,SKU00882,12,208.61,17.38,0
2025-02-23,ST06,SKU00883,15,172.85,11.52,1
2025-02-23,ST06,SKU00884,20,2201.13,110.06,0
2025-02-23,ST07,SKU00885,25,878.1,35.12,0
2025-02-23,ST07,SKU00886,8,140.49,17.56,0
2025-02-23,ST08,SKU00887,30,445.26,14.84,0
2025-02-23,ST08,SKU00888,12,823.25,68.6,0
2025-02-23,ST09,SKU00889,15,267.35,17.82,0
2025-02-23,ST09,SKU00890,20,898.08,44.9,0
2025-02-23,ST10,SKU00891,25,399.18,15.97,0
2025-02-23,ST10,SKU00892,8,567.86,70.98,0
2025-02-24,ST01,SKU00893,30,238.23,7.94,0
2025-02-24,ST01,SKU00894,12,208.61,17.38,1
2025-02-24,ST02,SKU00895,15,172.85,11.52,0
2025-02-24,ST02,SKU00896,20,2201.13,110.06,0
2025-02-24,ST03,SKU00897,25,878.1,35.12,0
2025-02-24,ST03,SKU00898,8,140.49,17.56,0
2025-02-24,ST04,SKU00899,30,445.26,14.84,0
2025-02-24,ST04,SKU00900,12,823.25,68.6,0
2025-02-24,ST05,SKU00901,15,267.35,17.82,0
2025-02-24,ST05,SKU00902,20,898.08,44.9,0
2025-02-24,ST06,SKU00903,25,399.18,15.97,1
2025-02-24,ST06,SKU00904,8,567.86,70.98,0
2025-02-24,ST07,SKU00905,30,238.23,7.94,0
2025-02-24,ST07,SKU00906,12,208.61,17.38,0
2025-02-24,ST08,SKU00907,15,172.85,11.52,0
2025-02-24,ST08,SKU00908,20,2201.13,110.06,0
2025-02-24,ST09,SKU00909,25,878.1,35.12,0
2025-02-24,ST09,SKU00910,8,140.49,17.56,0
2025-02-24,ST10,SKU00911,30,445.26,14.84,0
2025-02-24,ST10,SKU00912,12,823.25,68.6,0
2025-02-25,ST01,SKU00913,15,267.35,17.82,0
2025-02-25,ST01,SKU00914,20,898.08,44.9,1
2025-02-25,ST02,SKU00915,25,399.18,15.97,0
2025-02-25,ST02,SKU00916,8,567.86,70.98,0
2025-02-25,ST03,SKU00917,30,238.23,7.94,0
2025-02-25,ST03,SKU00918,12,208.61,17.38,0
2025-02-25,ST04,SKU00919,15,172.85,11.52,0
2025-02-25,ST04,SKU00920,20,2201.13,110.06,0
2025-02-25,ST05,SKU00921,25,878.1,35.12,0
2025-02-25,ST05,SKU00922,8,140.49,17.56,0
2025-02-25,ST06,SKU00923,30,445.26,14.84,1
2025-02-25,ST06,SKU00924,12,823.25,68.6,0
2025-02-25,ST07,SKU00925,15,267.35,17.82,0
2025-02-25,ST07,SKU00926,20,898.08,44.9,0
2025-02-25,ST08,SKU00927,25,399.18,15.97,0
2025-02-25,ST08,SKU00928,8,567.86,70.98,0
2025-02-25,ST09,SKU00929,30,238.23,7.94,0
2025-02-25,ST09,SKU00930,12,208.61,17.38,0
2025-02-25,ST10,SKU00931,15,172.85,11.52,0
2025-02-25,ST10,SKU00932,20,2201.13,110.06,0
2025-02-26,ST01,SKU00933,25,878.1,35.12,0
2025-02-26,ST01,SKU00934,8,140.49,17.56,1
2025-02-26,ST02,SKU00935,30,445.26,14.84,0
2025-02-26,ST02,SKU00936,12,823.25,68.6,0
2025-02-26,ST03,SKU00937,15,267.35,17.82,0
2025-02-26,ST03,SKU00938,20,898.08,44.9,0
2025-02-26,ST04,SKU00939,25,399.18,15.97,0
2025-02-26,ST04,SKU00940,8,567.86,70.98,0
2025-02-26,ST05,SKU00941,30,238.23,7.94,0
2025-02-26,ST05,SKU00942,12,208.61,17.38,0
2025-02-26,ST06,SKU00943,15,172.85,11.52,1
2025-02-26,ST06,SKU00944,20,2201.13,110.06,0
2025-02-26,ST07,SKU00945,25,878.1,35.12,0
2025-02-26,ST07,SKU00946,8,140.49,17.56,0
2025-02-26,ST08,SKU00947,30,445.26,14.84,0
2025-02-26,ST08,SKU00948,12,823.25,68.6,0
2025-02-26,ST09,SKU00949,15,267.35,17.82,0
2025-02-26,ST09,SKU00950,20,898.08,44.9,0
2025-02-26,ST10,SKU00951,25,399.18,15.97,0
2025-02-26,ST10,SKU00952,8,567.86,70.98,0
2025-02-27,ST01,SKU00953,30,238.23,7.94,0
2025-02-27,ST01,SKU00954,12,208.61,17.38,1
2025-02-27,ST02,SKU00955,15,172.85,11.52,0
2025-02-27,ST02,SKU00956,20,2201.13,110.06,0
2025-02-27,ST03,SKU00957,25,878.1,35.12,0
2025-02-27,ST03,SKU00958,8,140.49,17.56,0
2025-02-27,ST04,SKU00959,30,445.26,14.84,0
2025-02-27,ST04,SKU00960,12,823.25,68.6,0
2025-02-27,ST05,SKU00961,15,267.35,17.82,0
2025-02-27,ST05,SKU00962,20,898.08,44.9,0
2025-02-27,ST06,SKU00963,25,399.18,15.97,1
2025-02-27,ST06,SKU00964,8,567.86,70.98,0
2025-02-27,ST07,SKU00965,30,238.23,7.94,0
2025-02-27,ST07,SKU00966,12,208.61,17.38,0
2025-02-27,ST08,SKU00967,15,172.85,11.52,0
2025-02-27,ST08,SKU00968,20,2201.13,110.06,0
2025-02-27,ST09,SKU00969,25,878.1,35.12,0
2025-02-27,ST09,SKU00970,8,140.49,17.56,0
2025-02-27,ST10,SKU00971,30,445.26,14.84,0
2025-02-27,ST10,SKU00972,12,823.25,68.6,0
2025-02-28,ST01,SKU00973,15,267.35,17.82,0
2025-02-28,ST01,SKU00974,20,898.08,44.9,1
2025-02-28,ST02,SKU00975,25,399.18,15.97,0
2025-02-28,ST02,SKU00976,8,567.86,70.98,0
2025-02-28,ST03,SKU00977,30,238.23,7.94,0
2025-02-28,ST03,SKU00978,12,208.61,17.38,0
2025-02-28,ST04,SKU00979,15,172.85,11.52,0
2025-02-28,ST04,SKU00980,20,2201.13,110.06,0
2025-02-28,ST05,SKU00981,25,878.1,35.12,0
2025-02-28,ST05,SKU00982,8,140.49,17.56,0
2025-02-28,ST06,SKU00983,30,445.26,14.84,1
2025-02-28,ST06,SKU00984,12,823.25,68.6,0
2025-02-28,ST07,SKU00985,15,267.35,17.82,0
2025-02-28,ST07,SKU00986,20,898.08,44.9,0
2025-02-28,ST08,SKU00987,25,399.18,15.97,0
2025-02-28,ST08,SKU00988,8,567.86,70.98,0
2025-02-28,ST09,SKU00989,30,238.23,7.94,0
2025-02-28,ST09,SKU00990,12,208.61,17.38,0
2025-02-28,ST10,SKU00991,15,172.85,11.52,0
2025-02-28,ST10,SKU00992,20,2201.13,110.06,0
2025-03-01,ST01,SKU00993,25,878.1,35.12,0
2025-03-01,ST01,SKU00994,8,140.49,17.56,1
2025-03-01,ST02,SKU00995,30,445.26,14.84,0
2025-03-01,ST02,SKU00996,12,823.25,68.6,0
2025-03-01,ST03,SKU00997,15,267.35,17.82,0
2025-03-01,ST03,SKU00998,20,898.08,44.9,0
2025-03-01,ST04,SKU00999,25,399.18,15.97,0
2025-03-01,ST04,SKU01000,8,567.86,70.98,0
2025-03-01,ST05,SKU01001,30,238.23,7.94,0
2025-03-01,ST05,SKU01002,12,208.61,17.38,0
2025-03-01,ST06,SKU01003,15,172.85,11.52,1
2025-03-01,ST06,SKU01004,20,2201.13,110.06,0
2025-03-01,ST07,SKU01005,25,878.1,35.12,0
2025-03-01,ST07,SKU01006,8,140.49,17.56,0
2025-03-01,ST08,SKU01007,30,445.26,14.84,0
2025-03-01,ST08,SKU01008,12,823.25,68.6,0
2025-03-01,ST09,SKU01009,15,267.35,17.82,0
2025-03-01,ST09,SKU01010,20,898.08,44.9,0
2025-03-01,ST10,SKU01011,25,399.18,15.97,0
2025-03-01,ST10,SKU01012,8,567.86,70.98,0
2025-03-02,ST01,SKU01013,30,238.23,7.94,0
2025-03-02,ST01,SKU01014,12,208.61,17.38,1
2025-03-02,ST02,SKU01015,15,172.85,11.52,0
2025-03-02,ST02,SKU01016,20,2201.13,110.06,0
2025-03-02,ST03,SKU01017,25,878.1,35.12,0
2025-03-02,ST03,SKU01018,8,140.49,17.56,0
2025-03-02,ST04,SKU01019,30,445.26,14.84,0
2025-03-02,ST04,SKU01020,12,823.25,68.6,0
2025-03-02,ST05,SKU01021,15,267.35,17.82,0
2025-03-02,ST05,SKU01022,20,898.08,44.9,0
2025-03-02,ST06,SKU01023,25,399.18,15.97,1
2025-03-02,ST06,SKU01024,8,567.86,70.98,0
2025-03-02,ST07,SKU01025,30,238.23,7.94,0
2025-03-02,ST07,SKU01026,12,208.61,17.38,0
2025-03-02,ST08,SKU01027,15,172.85,11.52,0
2025-03-02,ST08,SKU01028,20,2201.13,110.06,0
2025-03-02,ST09,SKU01029,25,878.1,35.12,0
2025-03-02,ST09,SKU01030,8,140.49,17.56,0
2025-03-02,ST10,SKU01031,30,445.26,14.84,0
2025-03-02,ST10,SKU01032,12,823.25,68.6,0
2025-03-03,ST01,SKU01033,15,267.35,17.82,0
2025-03-03,ST01,SKU01034,20,898.08,44.9,1
2025-03-03,ST02,SKU01035,25,399.18,15.97,0
2025-03-03,ST02,SKU01036,8,567.86,70.98,0
2025-03-03,ST03,SKU01037,30,238.23,7.94,0
2025-03-03,ST03,SKU01038,12,208.61,17.38,0
2025-03-03,ST04,SKU01039,15,172.85,11.52,0
2025-03-03,ST04,SKU01040,20,2201.13,110.06,0
2025-03-03,ST05,SKU01041,25,878.1,35.12,0
2025-03-03,ST05,SKU01042,8,140.49,17.56,0
2025-03-03,ST06,SKU01043,30,445.26,14.84,1
2025-03-03,ST06,SKU01044,12,823.25,68.6,0
2025-03-03,ST07,SKU01045,15,267.35,17.82,0
2025-03-03,ST07,SKU01046,20,898.08,44.9,0
2025-03-03,ST08,SKU01047,25,399.18,15.97,0
2025-03-03,ST08,SKU01048,8,567.86,70.98,0
2025-03-03,ST09,SKU01049,30,238.23,7.94,0
2025-03-03,ST09,SKU01050,12,208.61,17.38,0
2025-03-03,ST10,SKU01051,15,172.85,11.52,0
2025-03-03,ST10,SKU01052,20,2201.13,110.06,0
2025-03-04,ST01,SKU01053,25,878.1,35.12,0
2025-03-04,ST01,SKU01054,8,140.49,17.56,1
2025-03-04,ST02,SKU01055,30,445.26,14.84,0
2025-03-04,ST02,SKU01056,12,823.25,68.6,0
2025-03-04,ST03,SKU01057,15,267.35,17.82,0
2025-03-04,ST03,SKU01058,20,898.08,44.9,0
2025-03-04,ST04,SKU01059,25,399.18,15.97,0
2025-03-04,ST04,SKU01060,8,567.86,70.98,0
2025-03-04,ST05,SKU01061,30,238.23,7.94,0
2025-03-04,ST05,SKU01062,12,208.61,17.38,0
2025-03-04,ST06,SKU01063,15,172.85,11.52,1
2025-03-04,ST06,SKU01064,20,2201.13,110.06,0
2025-03-04,ST07,SKU01065,25,878.1,35.12,0
2025-03-04,ST07,SKU01066,8,140.49,17.56,0
2025-03-04,ST08,SKU01067,30,445.26,14.84,0
2025-03-04,ST08,SKU01068,12,823.25,68.6,0
2025-03-04,ST09,SKU01069,15,267.35,17.82,0
2025-03-04,ST09,SKU01070,20,898.08,44.9,0
2025-03-04,ST10,SKU01071,25,399.18,15.97,0
2025-03-04,ST10,SKU01072,8,567.86,70.98,0
2025-03-05,ST01,SKU01073,30,238.23,7.94,0
2025-03-05,ST01,SKU01074,12,208.61,17.38,1
2025-03-05,ST02,SKU01075,15,172.85,11.52,0
2025-03-05,ST02,SKU01076,20,2201.13,110.06,0
2025-03-05,ST03,SKU01077,25,878.1,35.12,0
2025-03-05,ST03,SKU01078,8,140.49,17.56,0
2025-03-05,ST04,SKU01079,30,445.26,14.84,0
2025-03-05,ST04,SKU01080,12,823.25,68.6,0
2025-03-05,ST05,SKU01081,15,267.35,17.82,0
2025-03-05,ST05,SKU01082,20,898.08,44.9,0
2025-03-05,ST06,SKU01083,25,399.18,15.97,1
2025-03-05,ST06,SKU01084,8,567.86,70.98,0
2025-03-05,ST07,SKU01085,30,238.23,7.94,0
2025-03-05,ST07,SKU01086,12,208.61,17.38,0
2025-03-05,ST08,SKU01087,15,172.85,11.52,0
2025-03-05,ST08,SKU01088,20,2201.13,110.06,0
2025-03-05,ST09,SKU01089,25,878.1,35.12,0
2025-03-05,ST09,SKU01090,8,140.49,17.56,0
2025-03-05,ST10,SKU01091,30,445.26,14.84,0
2025-03-05,ST10,SKU01092,12,823.25,68.6,0
2025-03-06,ST01,SKU01093,15,267.35,17.82,0
2025-03-06,ST01,SKU01094,20,898.08,44.9,1
2025-03-06,ST02,SKU01095,25,399.18,15.97,0
2025-03-06,ST02,SKU01096,8,567.86,70.98,0
2025-03-06,ST03,SKU01097,30,238.23,7.94,0
2025-03-06,ST03,SKU01098,12,208.61,17.38,0
2025-03-06,ST04,SKU01099,15,172.85,11.52,0
2025-03-06,ST04,SKU01100,20,2201.13,110.06,0
2025-03-06,ST05,SKU01101,25,878.1,35.12,0
2025-03-06,ST05,SKU01102,8,140.49,17.56,0
2025-03-06,ST06,SKU01103,30,445.26,14.84,1
2025-03-06,ST06,SKU01104,12,823.25,68.6,0
2025-03-06,ST07,SKU01105,15,267.35,17.82,0
2025-03-06,ST07,SKU01106,20,898.08,44.9,0
2025-03-06,ST08,SKU01107,25,399.18,15.97,0
2025-03-06,ST08,SKU01108,8,567.86,70.98,0
2025-03-06,ST09,SKU01109,30,238.23,7.94,0
2025-03-06,ST09,SKU01110,12,208.61,17.38,0
2025-03-06,ST10,SKU01111,15,172.85,11.52,0
2025-03-06,ST10,SKU01112,20,2201.13,110.06,0
2025-03-07,ST01,SKU01113,25,878.1,35.12,0
2025-03-07,ST01,SKU01114,8,140.49,17.56,1
2025-03-07,ST02,SKU01115,30,445.26,14.84,0
2025-03-07,ST02,SKU01116,12,823.25,68.6,0
2025-03-07,ST03,SKU01117,15,267.35,17.82,0
2025-03-07,ST03,SKU01118,20,898.08,44.9,0
2025-03-07,ST04,SKU01119,25,399.18,15.97,0
2025-03-07,ST04,SKU01120,8,567.86,70.98,0
2025-03-07,ST05,SKU01121,30,238.23,7.94,0
2025-03-07,ST05,SKU01122,12,208.61,17.38,0
2025-03-07,ST06,SKU01123,15,172.85,11.52,1
2025-03-07,ST06,SKU01124,20,2201.13,110.06,0
2025-03-07,ST07,SKU01125,25,878.1,35.12,0
2025-03-07,ST07,SKU01126,8,140.49,17.56,0
2025-03-07,ST08,SKU01127,30,445.26,14.84,0
2025-03-07,ST08,SKU01128,12,823.25,68.6,0
2025-03-07,ST09,SKU01129,15,267.35,17.82,0
2025-03-07,ST09,SKU01130,20,898.08,44.9,0
2025-03-07,ST10,SKU01131,25,399.18,15.97,0
2025-03-07,ST10,SKU01132,8,567.86,70.98,0
2025-03-08,ST01,SKU01133,30,238.23,7.94,0
2025-03-08,ST01,SKU01134,12,208.61,17.38,1
2025-03-08,ST02,SKU01135,15,172.85,11.52,0
2025-03-08,ST02,SKU01136,20,2201.13,110.06,0
2025-03-08,ST03,SKU01137,25,878.1,35.12,0
2025-03-08,ST03,SKU01138,8,140.49,17.56,0
2025-03-08,ST04,SKU01139,30,445.26,14.84,0
2025-03-08,ST04,SKU01140,12,823.25,68.6,0
2025-03-08,ST05,SKU01141,15,267.35,17.82,0
2025-03-08,ST05,SKU01142,20,898.08,44.9,0
2025-03-08,ST06,SKU01143,25,399.18,15.97,1
2025-03-08,ST06,SKU01144,8,567.86,70.98,0
2025-03-08,ST07,SKU01145,30,238.23,7.94,0
2025-03-08,ST07,SKU01146,12,208.61,17.38,0
2025-03-08,ST08,SKU01147,15,172.85,11.52,0
2025-03-08,ST08,SKU01148,20,2201.13,110.06,0
2025-03-08,ST09,SKU01149,25,878.1,35.12,0
2025-03-08,ST09,SKU01150,8,140.49,17.56,0
2025-03-08,ST10,SKU01151,30,445.26,14.84,0
2025-03-08,ST10,SKU01152,12,823.25,68.6,0
2025-03-09,ST01,SKU01153,15,267.35,17.82,0
2025-03-09,ST01,SKU01154,20,898.08,44.9,1
2025-03-09,ST02,SKU01155,25,399.18,15.97,0
2025-03-09,ST02,SKU01156,8,567.86,70.98,0
2025-03-09,ST03,SKU01157,30,238.23,7.94,0
2025-03-09,ST03,SKU01158,12,208.61,17.38,0
2025-03-09,ST04,SKU01159,15,172.85,11.52,0
2025-03-09,ST04,SKU01160,20,2201.13,110.06,0
2025-03-09,ST05,SKU01161,25,878.1,35.12,0
2025-03-09,ST05,SKU01162,8,140.49,17.56,0
2025-03-09,ST06,SKU01163,30,445.26,14.84,1
2025-03-09,ST06,SKU01164,12,823.25,68.6,0
2025-03-09,ST07,SKU01165,15,267.35,17.82,0
2025-03-09,ST07,SKU01166,20,898.08,44.9,0
2025-03-09,ST08,SKU01167,25,399.18,15.97,0
2025-03-09,ST08,SKU01168,8,567.86,70.98,0
2025-03-09,ST09,SKU01169,30,238.23,7.94,0
2025-03-09,ST09,SKU01170,12,208.61,17.38,0
2025-03-09,ST10,SKU01171,15,172.85,11.52,0
2025-03-09,ST10,SKU01172,20,2201.13,110.06,0
2025-03-10,ST01,SKU01173,25,878.1,35.12,0
2025-03-10,ST01,SKU01174,8,140.49,17.56,1
2025-03-10,ST02,SKU01175,30,445.26,14.84,0
2025-03-10,ST02,SKU01176,12,823.25,68.6,0
2025-03-10,ST03,SKU01177,15,267.35,17.82,0
2025-03-10,ST03,SKU01178,20,898.08,44.9,0
2025-03-10,ST04,SKU01179,25,399.18,15.97,0
2025-03-10,ST04,SKU01180,8,567.86,70.98,0
2025-03-10,ST05,SKU01181,30,238.23,7.94,0
2025-03-10,ST05,SKU01182,12,208.61,17.38,0
2025-03-10,ST06,SKU01183,15,172.85,11.52,1
2025-03-10,ST06,SKU01184,20,2201.13,110.06,0
2025-03-10,ST07,SKU01185,25,878.1,35.12,0
2025-03-10,ST07,SKU01186,8,140.49,17.56,0
2025-03-10,ST08,SKU01187,30,445.26,14.84,0
2025-03-10,ST08,SKU01188,12,823.25,68.6,0
2025-03-10,ST09,SKU01189,15,267.35,17.82,0
2025-03-10,ST09,SKU01190,20,898.08,44.9,0
2025-03-10,ST10,SKU01191,25,399.18,15.97,0
2025-03-10,ST10,SKU01192,8,567.86,70.98,0
2025-03-11,ST01,SKU01193,30,238.23,7.94,0
2025-03-11,ST01,SKU01194,12,208.61,17.38,1
2025-03-11,ST02,SKU01195,15,172.85,11.52,0
2025-03-11,ST02,SKU01196,20,2201.13,110.06,0
2025-03-11,ST03,SKU01197,25,878.1,35.12,0
2025-03-11,ST03,SKU01198,8,140.49,17.56,0
2025-03-11,ST04,SKU01199,30,445.26,14.84,0
2025-03-11,ST04,SKU01200,12,823.25,68.6,0
2025-03-11,ST05,SKU01201,15,267.35,17.82,0
2025-03-11,ST05,SKU01202,20,898.08,44.9,0
2025-03-11,ST06,SKU01203,25,399.18,15.97,1
2025-03-11,ST06,SKU01204,8,567.86,70.98,0
2025-03-11,ST07,SKU01205,30,238.23,7.94,0
2025-03-11,ST07,SKU01206,12,208.61,17.38,0
2025-03-11,ST08,SKU01207,15,172.85,11.52,0
2025-03-11,ST08,SKU01208,20,2201.13,110.06,0
2025-03-11,ST09,SKU01209,25,878.1,35.12,0
2025-03-11,ST09,SKU01210,8,140.49,17.56,0
2025-03-11,ST10,SKU01211,30,445.26,14.84,0
2025-03-11,ST10,SKU01212,12,823.25,68.6,0
2025-03-12,ST01,SKU01213,15,267.35,17.82,0
2025-03-12,ST01,SKU01214,20,898.08,44.9,1
2025-03-12,ST02,SKU01215,25,399.18,15.97,0
2025-03-12,ST02,SKU01216,8,567.86,70.98,0
2025-03-12,ST03,SKU01217,30,238.23,7.94,0
2025-03-12,ST03,SKU01218,12,208.61,17.38,0
2025-03-12,ST04,SKU01219,15,172.85,11.52,0
2025-03-12,ST04,SKU01220,20,2201.13,110.06,0
2025-03-12,ST05,SKU01221,25,878.1,35.12,0
2025-03-12,ST05,SKU01222,8,140.49,17.56,0
2025-03-12,ST06,SKU01223,30,445.26,14.84,1
2025-03-12,ST06,SKU01224,12,823.25,68.6,0
2025-03-12,ST07,SKU01225,15,267.35,17.82,0
2025-03-12,ST07,SKU01226,20,898.08,44.9,0
2025-03-12,ST08,SKU01227,25,399.18,15.97,0
2025-03-12,ST08,SKU01228,8,567.86,70.98,0
2025-03-12,ST09,SKU01229,30,238.23,7.94,0
2025-03-12,ST09,SKU01230,12,208.61,17.38,0
2025-03-12,ST10,SKU01231,15,172.85,11.52,0
2025-03-12,ST10,SKU01232,20,2201.13,110.06,0
2025-03-13,ST01,SKU01233,25,878.1,35.12,0
2025-03-13,ST01,SKU01234,8,140.49,17.56,1
2025-03-13,ST02,SKU01235,30,445.26,14.84,0
2025-03-13,ST02,SKU01236,12,823.25,68.6,0
2025-03-13,ST03,SKU01237,15,267.35,17.82,0
2025-03-13,ST03,SKU01238,20,898.08,44.9,0
2025-03-13,ST04,SKU01239,25,399.18,15.97,0
2025-03-13,ST04,SKU01240,8,567.86,70.98,0
2025-03-13,ST05,SKU01241,30,238.23,7.94,0
2025-03-13,ST05,SKU01242,12,208.61,17.38,0
2025-03-13,ST06,SKU01243,15,172.85,11.52,1
2025-03-13,ST06,SKU01244,20,2201.13,110.06,0
2025-03-13,ST07,SKU01245,25,878.1,35.12,0
2025-03-13,ST07,SKU01246,8,140.49,17.56,0
2025-03-13,ST08,SKU01247,30,445.26,14.84,0
2025-03-13,ST08,SKU01248,12,823.25,68.6,0
2025-03-13,ST09,SKU01249,15,267.35,17.82,0
2025-03-13,ST09,SKU01250,20,898.08,44.9,0
2025-03-13,ST10,SKU01251,25,399.18,15.97,0
2025-03-13,ST10,SKU01252,8,567.86,70.98,0
2025-03-14,ST01,SKU01253,30,238.23,7.94,0
2025-03-14,ST01,SKU01254,12,208.61,17.38,1
2025-03-14,ST02,SKU01255,15,172.85,11.52,0
2025-03-14,ST02,SKU01256,20,2201.13,110.06,0
2025-03-14,ST03,SKU01257,25,878.1,35.12,0
2025-03-14,ST03,SKU01258,8,140.49,17.56,0
2025-03-14,ST04,SKU01259,30,445.26,14.84,0
2025-03-14,ST04,SKU01260,12,823.25,68.6,0
2025-03-14,ST05,SKU01261,15,267.35,17.82,0
2025-03-14,ST05,SKU01262,20,898.08,44.9,0
2025-03-14,ST06,SKU01263,25,399.18,15.97,1
2025-03-14,ST06,SKU01264,8,567.86,70.98,0
2025-03-14,ST07,SKU01265,30,238.23,7.94,0
2025-03-14,ST07,SKU01266,12,208.61,17.38,0
2025-03-14,ST08,SKU01267,15,172.85,11.52,0
2025-03-14,ST08,SKU01268,20,2201.13,110.06,0
2025-03-14,ST09,SKU01269,25,878.1,35.12,0
2025-03-14,ST09,SKU01270,8,140.49,17.56,0
2025-03-14,ST10,SKU01271,30,445.26,14.84,0
2025-03-14,ST10,SKU01272,12,823.25,68.6,0
2025-03-15,ST01,SKU01273,15,267.35,17.82,0
2025-03-15,ST01,SKU01274,20,898.08,44.9,1
2025-03-15,ST02,SKU01275,25,399.18,15.97,0
2025-03-15,ST02,SKU01276,8,567.86,70.98,0
2025-03-15,ST03,SKU01277,30,238.23,7.94,0
2025-03-15,ST03,SKU01278,12,208.61,17.38,0
2025-03-15,ST04,SKU01279,15,172.85,11.52,0
2025-03-15,ST04,SKU01280,20,2201.13,110.06,0
2025-03-15,ST05,SKU01281,25,878.1,35.12,0
2025-03-15,ST05,SKU01282,8,140.49,17.56,0
2025-03-15,ST06,SKU01283,30,445.26,14.84,1
2025-03-15,ST06,SKU01284,12,823.25,68.6,0
2025-03-15,ST07,SKU01285,15,267.35,17.82,0
2025-03-15,ST07,SKU01286,20,898.08,44.9,0
2025-03-15,ST08,SKU01287,25,399.18,15.97,0
2025-03-15,ST08,SKU01288,8,567.86,70.98,0
2025-03-15,ST09,SKU01289,30,238.23,7.94,0
2025-03-15,ST09,SKU01290,12,208.61,17.38,0
2025-03-15,ST10,SKU01291,15,172.85,11.52,0
2025-03-15,ST10,SKU01292,20,2201.13,110.06,0
2025-03-16,ST01,SKU01293,25,878.1,35.12,0
2025-03-16,ST01,SKU01294,8,140.49,17.56,1
2025-03-16,ST02,SKU01295,30,445.26,14.84,0
2025-03-16,ST02,SKU01296,12,823.25,68.6,0
2025-03-16,ST03,SKU01297,15,267.35,17.82,0
2025-03-16,ST03,SKU01298,20,898.08,44.9,0
2025-03-16,ST04,SKU01299,25,399.18,15.97,0
2025-03-16,ST04,SKU01300,8,567.86,70.98,0
2025-03-16,ST05,SKU01301,30,238.23,7.94,0
2025-03-16,ST05,SKU01302,12,208.61,17.38,0
2025-03-16,ST06,SKU01303,15,172.85,11.52,1
2025-03-16,ST06,SKU01304,20,2201.13,110.06,0
2025-03-16,ST07,SKU01305,25,878.1,35.12,0
2025-03-16,ST07,SKU01306,8,140.49,17.56,0
2025-03-16,ST08,SKU01307,30,445.26,14.84,0
2025-03-16,ST08,SKU01308,12,823.25,68.6,0
2025-03-16,ST09,SKU01309,15,267.35,17.82,0
2025-03-16,ST09,SKU01310,20,898.08,44.9,0
2025-03-16,ST10,SKU01311,25,399.18,15.97,0
2025-03-16,ST10,SKU01312,8,567.86,70.98,0
2025-03-17,ST01,SKU01313,30,238.23,7.94,0
2025-03-17,ST01,SKU01314,12,208.61,17.38,1
2025-03-17,ST02,SKU01315,15,172.85,11.52,0
2025-03-17,ST02,SKU01316,20,2201.13,110.06,0
2025-03-17,ST03,SKU01317,25,878.1,35.12,0
2025-03-17,ST03,SKU01318,8,140.49,17.56,0
2025-03-17,ST04,SKU01319,30,445.26,14.84,0
2025-03-17,ST04,SKU01320,12,823.25,68.6,0
2025-03-17,ST05,SKU01321,15,267.35,17.82,0
2025-03-17,ST05,SKU01322,20,898.08,44.9,0
2025-03-17,ST06,SKU01323,25,399.18,15.97,1
2025-03-17,ST06,SKU01324,8,567.86,70.98,0
2025-03-17,ST07,SKU01325,30,238.23,7.94,0
2025-03-17,ST07,SKU01326,12,208.61,17.38,0
2025-03-17,ST08,SKU01327,15,172.85,11.52,0
2025-03-17,ST08,SKU01328,20,2201.13,110.06,0
2025-03-17,ST09,SKU01329,25,878.1,35.12,0
2025-03-17,ST09,SKU01330,8,140.49,17.56,0
2025-03-17,ST10,SKU01331,30,445.26,14.84,0
2025-03-17,ST10,SKU01332,12,823.25,68.6,0
2025-03-18,ST01,SKU01333,15,267.35,17.82,0
2025-03-18,ST01,SKU01334,20,898.08,44.9,1
2025-03-18,ST02,SKU01335,25,399.18,15.97,0
2025-03-18,ST02,SKU01336,8,567.86,70.98,0
2025-03-18,ST03,SKU01337,30,238.23,7.94,0
2025-03-18,ST03,SKU01338,12,208.61,17.38,0
2025-03-18,ST04,SKU01339,15,172.85,11.52,0
2025-03-18,ST04,SKU01340,20,2201.13,110.06,0
2025-03-18,ST05,SKU01341,25,878.1,35.12,0
2025-03-18,ST05,SKU01342,8,140.49,17.56,0
2025-03-18,ST06,SKU01343,30,445.26,14.84,1
2025-03-18,ST06,SKU01344,12,823.25,68.6,0
2025-03-18,ST07,SKU01345,15,267.35,17.82,0
2025-03-18,ST07,SKU01346,20,898.08,44.9,0
2025-03-18,ST08,SKU01347,25,399.18,15.97,0
2025-03-18,ST08,SKU01348,8,567.86,70.98,0
2025-03-18,ST09,SKU01349,30,238.23,7.94,0
2025-03-18,ST09,SKU01350,12,208.61,17.38,0
2025-03-18,ST10,SKU01351,15,172.85,11.52,0
2025-03-18,ST10,SKU01352,20,2201.13,110.06,0
2025-03-19,ST01,SKU01353,25,878.1,35.12,0
2025-03-19,ST01,SKU01354,8,140.49,17.56,1
2025-03-19,ST02,SKU01355,30,445.26,14.84,0
2025-03-19,ST02,SKU01356,12,823.25,68.6,0
2025-03-19,ST03,SKU01357,15,267.35,17.82,0
2025-03-19,ST03,SKU01358,20,898.08,44.9,0
2025-03-19,ST04,SKU01359,25,399.18,15.97,0
2025-03-19,ST04,SKU01360,8,567.86,70.98,0
2025-03-19,ST05,SKU01361,30,238.23,7.94,0
2025-03-19,ST05,SKU01362,12,208.61,17.38,0
2025-03-19,ST06,SKU01363,15,172.85,11.52,1
2025-03-19,ST06,SKU01364,20,2201.13,110.06,0
2025-03-19,ST07,SKU01365,25,878.1,35.12,0
2025-03-19,ST07,SKU01366,8,140.49,17.56,0
2025-03-19,ST08,SKU01367,30,445.26,14.84,0
2025-03-19,ST08,SKU01368,12,823.25,68.6,0
2025-03-19,ST09,SKU01369,15,267.35,17.82,0
2025-03-19,ST09,SKU01370,20,898.08,44.9,0
2025-03-19,ST10,SKU01371,25,399.18,15.97,0
2025-03-19,ST10,SKU01372,8,567.86,70.98,0
2025-03-20,ST01,SKU01373,30,238.23,7.94,0
2025-03-20,ST01,SKU01374,12,208.61,17.38,1
2025-03-20,ST02,SKU01375,15,172.85,11.52,0
2025-03-20,ST02,SKU01376,20,2201.13,110.06,0
2025-03-20,ST03,SKU01377,25,878.1,35.12,0
2025-03-20,ST03,SKU01378,8,140.49,17.56,0
2025-03-20,ST04,SKU01379,30,445.26,14.84,0
2025-03-20,ST04,SKU01380,12,823.25,68.6,0
2025-03-20,ST05,SKU01381,15,267.35,17.82,0
2025-03-20,ST05,SKU01382,20,898.08,44.9,0
2025-03-20,ST06,SKU01383,25,399.18,15.97,1
2025-03-20,ST06,SKU01384,8,567.86,70.98,0
2025-03-20,ST07,SKU01385,30,238.23,7.94,0
2025-03-20,ST07,SKU01386,12,208.61,17.38,0
2025-03-20,ST08,SKU01387,15,172.85,11.52,0
2025-03-20,ST08,SKU01388,20,2201.13,110.06,0
2025-03-20,ST09,SKU01389,25,878.1,35.12,0
2025-03-20,ST09,SKU01390,8,140.49,17.56,0
2025-03-20,ST10,SKU01391,30,445.26,14.84,0
2025-03-20,ST10,SKU01392,12,823.25,68.6,0
2025-03-21,ST01,SKU01393,15,267.35,17.82,0
2025-03-21,ST01,SKU01394,20,898.08,44.9,1
2025-03-21,ST02,SKU01395,25,399.18,15.97,0
2025-03-21,ST02,SKU01396,8,567.86,70.98,0
2025-03-21,ST03,SKU01397,30,238.23,7.94,0
2025-03-21,ST03,SKU01398,12,208.61,17.38,0
2025-03-21,ST04,SKU01399,15,172.85,11.52,0
2025-03-21,ST04,SKU01400,20,2201.13,110.06,0
2025-03-21,ST05,SKU01401,25,878.1,35.12,0
2025-03-21,ST05,SKU01402,8,140.49,17.56,0
2025-03-21,ST06,SKU01403,30,445.26,14.84,1
2025-03-21,ST06,SKU01404,12,823.25,68.6,0
2025-03-21,ST07,SKU01405,15,267.35,17.82,0
2025-03-21,ST07,SKU01406,20,898.08,44.9,0
2025-03-21,ST08,SKU01407,25,399.18,15.97,0
2025-03-21,ST08,SKU01408,8,567.86,70.98,0
2025-03-21,ST09,SKU01409,30,238.23,7.94,0
2025-03-21,ST09,SKU01410,12,208.61,17.38,0
2025-03-21,ST10,SKU01411,15,172.85,11.52,0
2025-03-21,ST10,SKU01412,20,2201.13,110.06,0
2025-03-22,ST01,SKU01413,25,878.1,35.12,0
2025-03-22,ST01,SKU01414,8,140.49,17.56,1
2025-03-22,ST02,SKU01415,30,445.26,14.84,0
2025-03-22,ST02,SKU01416,12,823.25,68.6,0
2025-03-22,ST03,SKU01417,15,267.35,17.82,0
2025-03-22,ST03,SKU01418,20,898.08,44.9,0
2025-03-22,ST04,SKU01419,25,399.18,15.97,0
2025-03-22,ST04,SKU01420,8,567.86,70.98,0
2025-03-22,ST05,SKU01421,30,238.23,7.94,0
2025-03-22,ST05,SKU01422,12,208.61,17.38,0
2025-03-22,ST06,SKU01423,15,172.85,11.52,1
2025-03-22,ST06,SKU01424,20,2201.13,110.06,0
2025-03-22,ST07,SKU01425,25,878.1,35.12,0
2025-03-22,ST07,SKU01426,8,140.49,17.56,0
2025-03-22,ST08,SKU01427,30,445.26,14.84,0
2025-03-22,ST08,SKU01428,12,823.25,68.6,0
2025-03-22,ST09,SKU01429,15,267.35,17.82,0
2025-03-22,ST09,SKU01430,20,898.08,44.9,0
2025-03-22,ST10,SKU01431,25,399.18,15.97,0
2025-03-22,ST10,SKU01432,8,567.86,70.98,0
2025-03-23,ST01,SKU01433,30,238.23,7.94,0
2025-03-23,ST01,SKU01434,12,208.61,17.38,1
2025-03-23,ST02,SKU01435,15,172.85,11.52,0
2025-03-23,ST02,SKU01436,20,2201.13,110.06,0
2025-03-23,ST03,SKU01437,25,878.1,35.12,0
2025-03-23,ST03,SKU01438,8,140.49,17.56,0
2025-03-23,ST04,SKU01439,30,445.26,14.84,0
2025-03-23,ST04,SKU01440,12,823.25,68.6,0
2025-03-23,ST05,SKU01441,15,267.35,17.82,0
2025-03-23,ST05,SKU01442,20,898.08,44.9,0
2025-03-23,ST06,SKU01443,25,399.18,15.97,1
2025-03-23,ST06,SKU01444,8,567.86,70.98,0
2025-03-23,ST07,SKU01445,30,238.23,7.94,0
2025-03-23,ST07,SKU01446,12,208.61,17.38,0
2025-03-23,ST08,SKU01447,15,172.85,11.52,0
2025-03-23,ST08,SKU01448,20,2201.13,110.06,0
2025-03-23,ST09,SKU01449,25,878.1,35.12,0
2025-03-23,ST09,SKU01450,8,140.49,17.56,0
2025-03-23,ST10,SKU01451,30,445.26,14.84,0
2025-03-23,ST10,SKU01452,12,823.25,68.6,0
2025-03-24,ST01,SKU01453,15,267.35,17.82,0
2025-03-24,ST01,SKU01454,20,898.08,44.9,1
2025-03-24,ST02,SKU01455,25,399.18,15.97,0
2025-03-24,ST02,SKU01456,8,567.86,70.98,0
2025-03-24,ST03,SKU01457,30,238.23,7.94,0
2025-03-24,ST03,SKU01458,12,208.61,17.38,0
2025-03-24,ST04,SKU01459,15,172.85,11.52,0
2025-03-24,ST04,SKU01460,20,2201.13,110.06,0
2025-03-24,ST05,SKU01461,25,878.1,35.12,0
2025-03-24,ST05,SKU01462,8,140.49,17.56,0
2025-03-24,ST06,SKU01463,30,445.26,14.84,1
2025-03-24,ST06,SKU01464,12,823.25,68.6,0
2025-03-24,ST07,SKU01465,15,267.35,17.82,0
2025-03-24,ST07,SKU01466,20,898.08,44.9,0
2025-03-24,ST08,SKU01467,25,399.18,15.97,0
2025-03-24,ST08,SKU01468,8,567.86,70.98,0
2025-03-24,ST09,SKU01469,30,238.23,7.94,0
2025-03-24,ST09,SKU01470,12,208.61,17.38,0
2025-03-24,ST10,SKU01471,15,172.85,11.52,0
2025-03-24,ST10,SKU01472,20,2201.13,110.06,0
2025-03-25,ST01,SKU01473,25,878.1,35.12,0
2025-03-25,ST01,SKU01474,8,140.49,17.56,1
2025-03-25,ST02,SKU01475,30,445.26,14.84,0
2025-03-25,ST02,SKU01476,12,823.25,68.6,0
2025-03-25,ST03,SKU01477,15,267.35,17.82,0
2025-03-25,ST03,SKU01478,20,898.08,44.9,0
2025-03-25,ST04,SKU01479,25,399.18,15.97,0
2025-03-25,ST04,SKU01480,8,567.86,70.98,0
2025-03-25,ST05,SKU01481,30,238.23,7.94,0
2025-03-25,ST05,SKU01482,12,208.61,17.38,0
2025-03-25,ST06,SKU01483,15,172.85,11.52,1
2025-03-25,ST06,SKU01484,20,2201.13,110.06,0
2025-03-25,ST07,SKU01485,25,878.1,35.12,0
2025-03-25,ST07,SKU01486,8,140.49,17.56,0
2025-03-25,ST08,SKU01487,30,445.26,14.84,0
2025-03-25,ST08,SKU01488,12,823.25,68.6,0
2025-03-25,ST09,SKU01489,15,267.35,17.82,0
2025-03-25,ST09,SKU01490,20,898.08,44.9,0
2025-03-25,ST10,SKU01491,25,399.18,15.97,0
2025-03-25,ST10,SKU01492,8,567.86,70.98,0
2025-03-26,ST01,SKU01493,30,238.23,7.94,0
2025-03-26,ST01,SKU01494,12,208.61,17.38,1
2025-03-26,ST02,SKU01495,15,172.85,11.52,0
2025-03-26,ST02,SKU01496,20,2201.13,110.06,0
2025-03-26,ST03,SKU01497,25,878.1,35.12,0
2025-03-26,ST03,SKU01498,8,140.49,17.56,0
2025-03-26,ST04,SKU01499,30,445.26,14.84,0
2025-03-26,ST04,SKU01500,12,823.25,68.6,0
2025-03-26,ST05,SKU01501,15,267.35,17.82,0
2025-03-26,ST05,SKU01502,20,898.08,44.9,0
2025-03-26,ST06,SKU01503,25,399.18,15.97,1
2025-03-26,ST06,SKU01504,8,567.86,70.98,0
2025-03-26,ST07,SKU01505,30,238.23,7.94,0
2025-03-26,ST07,SKU01506,12,208.61,17.38,0
2025-03-26,ST08,SKU01507,15,172.85,11.52,0
2025-03-26,ST08,SKU01508,20,2201.13,110.06,0
2025-03-26,ST09,SKU01509,25,878.1,35.12,0
2025-03-26,ST09,SKU01510,8,140.49,17.56,0
2025-03-26,ST10,SKU01511,30,445.26,14.84,0
2025-03-26,ST10,SKU01512,12,823.25,68.6,0
2025-03-27,ST01,SKU01513,15,267.35,17.82,0
2025-03-27,ST01,SKU01514,20,898.08,44.9,1
2025-03-27,ST02,SKU01515,25,399.18,15.97,0
2025-03-27,ST02,SKU01516,8,567.86,70.98,0
2025-03-27,ST03,SKU01517,30,238.23,7.94,0
2025-03-27,ST03,SKU01518,12,208.61,17.38,0
2025-03-27,ST04,SKU01519,15,172.85,11.52,0
2025-03-27,ST04,SKU01520,20,2201.13,110.06,0
2025-03-27,ST05,SKU01521,25,878.1,35.12,0
2025-03-27,ST05,SKU01522,8,140.49,17.56,0
2025-03-27,ST06,SKU01523,30,445.26,14.84,1
2025-03-27,ST06,SKU01524,12,823.25,68.6,0
2025-03-27,ST07,SKU01525,15,267.35,17.82,0
2025-03-27,ST07,SKU01526,20,898.08,44.9,0
2025-03-27,ST08,SKU01527,25,399.18,15.97,0
2025-03-27,ST08,SKU01528,8,567.86,70.98,0
2025-03-27,ST09,SKU01529,30,238.23,7.94,0
2025-03-27,ST09,SKU01530,12,208.61,17.38,0
2025-03-27,ST10,SKU01531,15,172.85,11.52,0
2025-03-27,ST10,SKU01532,20,2201.13,110.06,0
2025-03-28,ST01,SKU01533,25,878.1,35.12,0
2025-03-28,ST01,SKU01534,8,140.49,17.56,1
2025-03-28,ST02,SKU01535,30,445.26,14.84,0
2025-03-28,ST02,SKU01536,12,823.25,68.6,0
2025-03-28,ST03,SKU01537,15,267.35,17.82,0
2025-03-28,ST03,SKU01538,20,898.08,44.9,0
2025-03-28,ST04,SKU01539,25,399.18,15.97,0
2025-03-28,ST04,SKU01540,8,567.86,70.98,0
2025-03-28,ST05,SKU01541,30,238.23,7.94,0
2025-03-28,ST05,SKU01542,12,208.61,17.38,0
2025-03-28,ST06,SKU01543,15,172.85,11.52,1
2025-03-28,ST06,SKU01544,20,2201.13,110.06,0
2025-03-28,ST07,SKU01545,25,878.1,35.12,0
2025-03-28,ST07,SKU01546,8,140.49,17.56,0
2025-03-28,ST08,SKU01547,30,445.26,14.84,0
2025-03-28,ST08,SKU01548,12,823.25,68.6,0
2025-03-28,ST09,SKU01549,15,267.35,17.82,0
2025-03-28,ST09,SKU01550,20,898.08,44.9,0
2025-03-28,ST10,SKU01551,25,399.18,15.97,0
2025-03-28,ST10,SKU01552,8,567.86,70.98,0
2025-03-29,ST01,SKU01553,30,238.23,7.94,0
2025-03-29,ST01,SKU01554,12,208.61,17.38,1
2025-03-29,ST02,SKU01555,15,172.85,11.52,0
2025-03-29,ST02,SKU01556,20,2201.13,110.06,0
2025-03-29,ST03,SKU01557,25,878.1,35.12,0
2025-03-29,ST03,SKU01558,8,140.49,17.56,0
2025-03-29,ST04,SKU01559,30,445.26,14.84,0
2025-03-29,ST04,SKU01560,12,823.25,68.6,0
2025-03-29,ST05,SKU01561,15,267.35,17.82,0
2025-03-29,ST05,SKU01562,20,898.08,44.9,0
2025-03-29,ST06,SKU01563,25,399.18,15.97,1
2025-03-29,ST06,SKU01564,8,567.86,70.98,0
2025-03-29,ST07,SKU01565,30,238.23,7.94,0
2025-03-29,ST07,SKU01566,12,208.61,17.38,0
2025-03-29,ST08,SKU01567,15,172.85,11.52,0
2025-03-29,ST08,SKU01568,20,2201.13,110.06,0
2025-03-29,ST09,SKU01569,25,878.1,35.12,0
2025-03-29,ST09,SKU01570,8,140.49,17.56,0
2025-03-29,ST10,SKU01571,30,445.26,14.84,0
2025-03-29,ST10,SKU01572,12,823.25,68.6,0
2025-03-30,ST01,SKU01573,15,267.35,17.82,0
2025-03-30,ST01,SKU01574,20,898.08,44.9,1
2025-03-30,ST02,SKU01575,25,399.18,15.97,0
2025-03-30,ST02,SKU01576,8,567.86,70.98,0
2025-03-30,ST03,SKU01577,30,238.23,7.94,0
2025-03-30,ST03,SKU01578,12,208.61,17.38,0
2025-03-30,ST04,SKU01579,15,172.85,11.52,0
2025-03-30,ST04,SKU01580,20,2201.13,110.06,0
2025-03-30,ST05,SKU01581,25,878.1,35.12,0
2025-03-30,ST05,SKU01582,8,140.49,17.56,0
2025-03-30,ST06,SKU01583,30,445.26,14.84,1
2025-03-30,ST06,SKU01584,12,823.25,68.6,0
2025-03-30,ST07,SKU01585,15,267.35,17.82,0
2025-03-30,ST07,SKU01586,20,898.08,44.9,0
2025-03-30,ST08,SKU01587,25,399.18,15.97,0
2025-03-30,ST08,SKU01588,8,567.86,70.98,0
2025-03-30,ST09,SKU01589,30,238.23,7.94,0
2025-03-30,ST09,SKU01590,12,208.61,17.38,0
2025-03-30,ST10,SKU01591,15,172.85,11.52,0
2025-03-30,ST10,SKU01592,20,2201.13,110.06,0
2025-03-31,ST01,SKU01593,25,878.1,35.12,0
2025-03-31,ST01,SKU01594,8,140.49,17.56,1
2025-03-31,ST02,SKU01595,30,445.26,14.84,0
2025-03-31,ST02,SKU01596,12,823.25,68.6,0
2025-03-31,ST03,SKU01597,15,267.35,17.82,0
2025-03-31,ST03,SKU01598,20,898.08,44.9,0
2025-03-31,ST04,SKU01599,25,399.18,15.97,0
2025-03-31,ST04,SKU01600,8,567.86,70.98,0
2025-03-31,ST05,SKU01601,30,238.23,7.94,0
2025-03-31,ST05,SKU01602,12,208.61,17.38,0
2025-03-31,ST06,SKU01603,15,172.85,11.52,1
2025-03-31,ST06,SKU01604,20,2201.13,110.06,0
2025-03-31,ST07,SKU01605,25,878.1,35.12,0
2025-03-31,ST07,SKU01606,8,140.49,17.56,0
2025-03-31,ST08,SKU01607,30,445.26,14.84,0
2025-03-31,ST08,SKU01608,12,823.25,68.6,0
2025-03-31,ST09,SKU01609,15,267.35,17.82,0
2025-03-31,ST09,SKU01610,20,898.08,44.9,0
2025-03-31,ST10,SKU01611,25,399.18,15.97,0
2025-03-31,ST10,SKU01612,8,567.86,70.98,0
2025-04-01,ST01,SKU01613,30,238.23,7.94,0
2025-04-01,ST01,SKU01614,12,208.61,17.38,1
2025-04-01,ST02,SKU01615,15,172.85,11.52,0
2025-04-01,ST02,SKU01616,20,2201.13,110.06,0
2025-04-01,ST03,SKU01617,25,878.1,35.12,0
2025-04-01,ST03,SKU01618,8,140.49,17.56,0
2025-04-01,ST04,SKU01619,30,445.26,14.84,0
2025-04-01,ST04,SKU01620,12,823.25,68.6,0
2025-04-01,ST05,SKU01621,15,267.35,17.82,0
2025-04-01,ST05,SKU01622,20,898.08,44.9,0
2025-04-01,ST06,SKU01623,25,399.18,15.97,1
2025-04-01,ST06,SKU01624,8,567.86,70.98,0
2025-04-01,ST07,SKU01625,30,238.23,7.94,0
2025-04-01,ST07,SKU01626,12,208.61,17.38,0
2025-04-01,ST08,SKU01627,15,172.85,11.52,0
2025-04-01,ST08,SKU01628,20,2201.13,110.06,0
2025-04-01,ST09,SKU01629,25,878.1,35.12,0
2025-04-01,ST09,SKU01630,8,140.49,17.56,0
2025-04-01,ST10,SKU01631,30,445.26,14.84,0
2025-04-01,ST10,SKU01632,12,823.25,68.6,0
2025-04-02,ST01,SKU01633,15,267.35,17.82,0
2025-04-02,ST01,SKU01634,20,898.08,44.9,1
2025-04-02,ST02,SKU01635,25,399.18,15.97,0
2025-04-02,ST02,SKU01636,8,567.86,70.98,0
2025-04-02,ST03,SKU01637,30,238.23,7.94,0
2025-04-02,ST03,SKU01638,12,208.61,17.38,0
2025-04-02,ST04,SKU01639,15,172.85,11.52,0
2025-04-02,ST04,SKU01640,20,2201.13,110.06,0
2025-04-02,ST05,SKU01641,25,878.1,35.12,0
2025-04-02,ST05,SKU01642,8,140.49,17.56,0
2025-04-02,ST06,SKU01643,30,445.26,14.84,1
2025-04-02,ST06,SKU01644,12,823.25,68.6,0
2025-04-02,ST07,SKU01645,15,267.35,17.82,0
2025-04-02,ST07,SKU01646,20,898.08,44.9,0
2025-04-02,ST08,SKU01647,25,399.18,15.97,0
2025-04-02,ST08,SKU01648,8,567.86,70.98,0
2025-04-02,ST09,SKU01649,30,238.23,7.94,0
2025-04-02,ST09,SKU01650,12,208.61,17.38,0
2025-04-02,ST10,SKU01651,15,172.85,11.52,0
2025-04-02,ST10,SKU01652,20,2201.13,110.06,0
2025-04-03,ST01,SKU01653,25,878.1,35.12,0
2025-04-03,ST01,SKU01654,8,140.49,17.56,1
2025-04-03,ST02,SKU01655,30,445.26,14.84,0
2025-04-03,ST02,SKU01656,12,823.25,68.6,0
2025-04-03,ST03,SKU01657,15,267.35,17.82,0
2025-04-03,ST03,SKU01658,20,898.08,44.9,0
2025-04-03,ST04,SKU01659,25,399.18,15.97,0
2025-04-03,ST04,SKU01660,8,567.86,70.98,0
2025-04-03,ST05,SKU01661,30,238.23,7.94,0
2025-04-03,ST05,SKU01662,12,208.61,17.38,0
2025-04-03,ST06,SKU01663,15,172.85,11.52,1
2025-04-03,ST06,SKU01664,20,2201.13,110.06,0
2025-04-03,ST07,SKU01665,25,878.1,35.12,0
2025-04-03,ST07,SKU01666,8,140.49,17.56,0
2025-04-03,ST08,SKU01667,30,445.26,14.84,0
2025-04-03,ST08,SKU01668,12,823.25,68.6,0
2025-04-03,ST09,SKU01669,15,267.35,17.82,0
2025-04-03,ST09,SKU01670,20,898.08,44.9,0
2025-04-03,ST10,SKU01671,25,399.18,15.97,0
2025-04-03,ST10,SKU01672,8,567.86,70.98,0
2025-04-04,ST01,SKU01673,30,238.23,7.94,0
2025-04-04,ST01,SKU01674,12,208.61,17.38,1
2025-04-04,ST02,SKU01675,15,172.85,11.52,0
2025-04-04,ST02,SKU01676,20,2201.13,110.06,0
2025-04-04,ST03,SKU01677,25,878.1,35.12,0
2025-04-04,ST03,SKU01678,8,140.49,17.56,0
2025-04-04,ST04,SKU01679,30,445.26,14.84,0
2025-04-04,ST04,SKU01680,12,823.25,68.6,0
2025-04-04,ST05,SKU01681,15,267.35,17.82,0
2025-04-04,ST05,SKU01682,20,898.08,44.9,0
2025-04-04,ST06,SKU01683,25,399.18,15.97,1
2025-04-04,ST06,SKU01684,8,567.86,70.98,0
2025-04-04,ST07,SKU01685,30,238.23,7.94,0
2025-04-04,ST07,SKU01686,12,208.61,17.38,0
2025-04-04,ST08,SKU01687,15,172.85,11.52,0
2025-04-04,ST08,SKU01688,20,2201.13,110.06,0
2025-04-04,ST09,SKU01689,25,878.1,35.12,0
2025-04-04,ST09,SKU01690,8,140.49,17.56,0
2025-04-04,ST10,SKU01691,30,445.26,14.84,0
2025-04-04,ST10,SKU01692,12,823.25,68.6,0
2025-04-05,ST01,SKU01693,15,267.35,17.82,0
2025-04-05,ST01,SKU01694,20,898.08,44.9,1
2025-04-05,ST02,SKU01695,25,399.18,15.97,0
2025-04-05,ST02,SKU01696,8,567.86,70.98,0
2025-04-05,ST03,SKU01697,30,238.23,7.94,0
2025-04-05,ST03,SKU01698,12,208.61,17.38,0
2025-04-05,ST04,SKU01699,15,172.85,11.52,0
2025-04-05,ST04,SKU01700,20,2201.13,110.06,0
2025-04-05,ST05,SKU01701,25,878.1,35.12,0
2025-04-05,ST05,SKU01702,8,140.49,17.56,0
2025-04-05,ST06,SKU01703,30,445.26,14.84,1
2025-04-05,ST06,SKU01704,12,823.25,68.6,0
2025-04-05,ST07,SKU01705,15,267.35,17.82,0
2025-04-05,ST07,SKU01706,20,898.08,44.9,0
2025-04-05,ST08,SKU01707,25,399.18,15.97,0
2025-04-05,ST08,SKU01708,8,567.86,70.98,0
2025-04-05,ST09,SKU01709,30,238.23,7.94,0
2025-04-05,ST09,SKU01710,12,208.61,17.38,0
2025-04-05,ST10,SKU01711,15,172.85,11.52,0
2025-04-05,ST10,SKU01712,20,2201.13,110.06,0
2025-04-06,ST01,SKU01713,25,878.1,35.12,0
2025-04-06,ST01,SKU01714,8,140.49,17.56,1
2025-04-06,ST02,SKU01715,30,445.26,14.84,0
2025-04-06,ST02,SKU01716,12,823.25,68.6,0
2025-04-06,ST03,SKU01717,15,267.35,17.82,0
2025-04-06,ST03,SKU01718,20,898.08,44.9,0
2025-04-06,ST04,SKU01719,25,399.18,15.97,0
2025-04-06,ST04,SKU01720,8,567.86,70.98,0
2025-04-06,ST05,SKU01721,30,238.23,7.94,0
2025-04-06,ST05,SKU01722,12,208.61,17.38,0
2025-04-06,ST06,SKU01723,15,172.85,11.52,1
2025-04-06,ST06,SKU01724,20,2201.13,110.06,0
2025-04-06,ST07,SKU01725,25,878.1,35.12,0
2025-04-06,ST07,SKU01726,8,140.49,17.56,0
2025-04-06,ST08,SKU01727,30,445.26,14.84,0
2025-04-06,ST08,SKU01728,12,823.25,68.6,0
2025-04-06,ST09,SKU01729,15,267.35,17.82,0
2025-04-06,ST09,SKU01730,20,898.08,44.9,0
2025-04-06,ST10,SKU01731,25,399.18,15.97,0
2025-04-06,ST10,SKU01732,8,567.86,70.98,0
2025-04-07,ST01,SKU01733,30,238.23,7.94,0
2025-04-07,ST01,SKU01734,12,208.61,17.38,1
2025-04-07,ST02,SKU01735,15,172.85,11.52,0
2025-04-07,ST02,SKU01736,20,2201.13,110.06,0
2025-04-07,ST03,SKU01737,25,878.1,35.12,0
2025-04-07,ST03,SKU01738,8,140.49,17.56,0
2025-04-07,ST04,SKU01739,30,445.26,14.84,0
2025-04-07,ST04,SKU01740,12,823.25,68.6,0
2025-04-07,ST05,SKU01741,15,267.35,17.82,0
2025-04-07,ST05,SKU01742,20,898.08,44.9,0
2025-04-07,ST06,SKU01743,25,399.18,15.97,1
2025-04-07,ST06,SKU01744,8,567.86,70.98,0
2025-04-07,ST07,SKU01745,30,238.23,7.94,0
2025-04-07,ST07,SKU01746,12,208.61,17.38,0
2025-04-07,ST08,SKU01747,15,172.85,11.52,0
2025-04-07,ST08,SKU01748,20,2201.13,110.06,0
2025-04-07,ST09,SKU01749,25,878.1,35.12,0
2025-04-07,ST09,SKU01750,8,140.49,17.56,0
2025-04-07,ST10,SKU01751,30,445.26,14.84,0
2025-04-07,ST10,SKU01752,12,823.25,68.6,0
2025-04-08,ST01,SKU01753,15,267.35,17.82,0
2025-04-08,ST01,SKU01754,20,898.08,44.9,1
2025-04-08,ST02,SKU01755,25,399.18,15.97,0
2025-04-08,ST02,SKU01756,8,567.86,70.98,0
2025-04-08,ST03,SKU01757,30,238.23,7.94,0
2025-04-08,ST03,SKU01758,12,208.61,17.38,0
2025-04-08,ST04,SKU01759,15,172.85,11.52,0
2025-04-08,ST04,SKU01760,20,2201.13,110.06,0
2025-04-08,ST05,SKU01761,25,878.1,35.12,0
2025-04-08,ST05,SKU01762,8,140.49,17.56,0
2025-04-08,ST06,SKU01763,30,445.26,14.84,1
2025-04-08,ST06,SKU01764,12,823.25,68.6,0
2025-04-08,ST07,SKU01765,15,267.35,17.82,0
2025-04-08,ST07,SKU01766,20,898.08,44.9,0
2025-04-08,ST08,SKU01767,25,399.18,15.97,0
2025-04-08,ST08,SKU01768,8,567.86,70.98,0
2025-04-08,ST09,SKU01769,30,238.23,7.94,0
2025-04-08,ST09,SKU01770,12,208.61,17.38,0
2025-04-08,ST10,SKU01771,15,172.85,11.52,0
2025-04-08,ST10,SKU01772,20,2201.13,110.06,0
2025-04-09,ST01,SKU01773,25,878.1,35.12,0
2025-04-09,ST01,SKU01774,8,140.49,17.56,1
2025-04-09,ST02,SKU01775,30,445.26,14.84,0
2025-04-09,ST02,SKU01776,12,823.25,68.6,0
2025-04-09,ST03,SKU01777,15,267.35,17.82,0
2025-04-09,ST03,SKU01778,20,898.08,44.9,0
2025-04-09,ST04,SKU01779,25,399.18,15.97,0
2025-04-09,ST04,SKU01780,8,567.86,70.98,0
2025-04-09,ST05,SKU01781,30,238.23,7.94,0
2025-04-09,ST05,SKU01782,12,208.61,17.38,0
2025-04-09,ST06,SKU01783,15,172.85,11.52,1
2025-04-09,ST06,SKU01784,20,2201.13,110.06,0
2025-04-09,ST07,SKU01785,25,878.1,35.12,0
2025-04-09,ST07,SKU01786,8,140.49,17.56,0
2025-04-09,ST08,SKU01787,30,445.26,14.84,0
2025-04-09,ST08,SKU01788,12,823.25,68.6,0
2025-04-09,ST09,SKU01789,15,267.35,17.82,0
2025-04-09,ST09,SKU01790,20,898.08,44.9,0
2025-04-09,ST10,SKU01791,25,399.18,15.97,0
2025-04-09,ST10,SKU01792,8,567.86,70.98,0
2025-04-10,ST01,SKU01793,30,238.23,7.94,0
2025-04-10,ST01,SKU01794,12,208.61,17.38,1
2025-04-10,ST02,SKU01795,15,172.85,11.52,0
2025-04-10,ST02,SKU01796,20,2201.13,110.06,0
2025-04-10,ST03,SKU01797,25,878.1,35.12,0
2025-04-10,ST03,SKU01798,8,140.49,17.56,0
2025-04-10,ST04,SKU01799,30,445.26,14.84,0
2025-04-10,ST04,SKU01800,12,823.25,68.6,0
2025-04-10,ST05,SKU01801,15,267.35,17.82,0
2025-04-10,ST05,SKU01802,20,898.08,44.9,0
2025-04-10,ST06,SKU01803,25,399.18,15.97,1
2025-04-10,ST06,SKU01804,8,567.86,70.98,0
2025-04-10,ST07,SKU01805,30,238.23,7.94,0
2025-04-10,ST07,SKU01806,12,208.61,17.38,0
2025-04-10,ST08,SKU01807,15,172.85,11.52,0
2025-04-10,ST08,SKU01808,20,2201.13,110.06,0
2025-04-10,ST09,SKU01809,25,878.1,35.12,0
2025-04-10,ST09,SKU01810,8,140.49,17.56,0
2025-04-10,ST10,SKU01811,30,445.26,14.84,0
2025-04-10,ST10,SKU01812,12,823.25,68.6,0
2025-04-11,ST01,SKU01813,15,267.35,17.82,0
2025-04-11,ST01,SKU01814,20,898.08,44.9,1
2025-04-11,ST02,SKU01815,25,399.18,15.97,0
2025-04-11,ST02,SKU01816,8,567.86,70.98,0
2025-04-11,ST03,SKU01817,30,238.23,7.94,0
2025-04-11,ST03,SKU01818,12,208.61,17.38,0
2025-04-11,ST04,SKU01819,15,172.85,11.52,0
2025-04-11,ST04,SKU01820,20,2201.13,110.06,0
2025-04-11,ST05,SKU01821,25,878.1,35.12,0
2025-04-11,ST05,SKU01822,8,140.49,17.56,0
2025-04-11,ST06,SKU01823,30,445.26,14.84,1
2025-04-11,ST06,SKU01824,12,823.25,68.6,0
2025-04-11,ST07,SKU01825,15,267.35,17.82,0
2025-04-11,ST07,SKU01826,20,898.08,44.9,0
2025-04-11,ST08,SKU01827,25,399.18,15.97,0
2025-04-11,ST08,SKU01828,8,567.86,70.98,0
2025-04-11,ST09,SKU01829,30,238.23,7.94,0
2025-04-11,ST09,SKU01830,12,208.61,17.38,0
2025-04-11,ST10,SKU01831,15,172.85,11.52,0
2025-04-11,ST10,SKU01832,20,2201.13,110.06,0
2025-04-12,ST01,SKU01833,25,878.1,35.12,0
2025-04-12,ST01,SKU01834,8,140.49,17.56,1
2025-04-12,ST02,SKU01835,30,445.26,14.84,0
2025-04-12,ST02,SKU01836,12,823.25,68.6,0
2025-04-12,ST03,SKU01837,15,267.35,17.82,0
2025-04-12,ST03,SKU01838,20,898.08,44.9,0
2025-04-12,ST04,SKU01839,25,399.18,15.97,0
2025-04-12,ST04,SKU01840,8,567.86,70.98,0
2025-04-12,ST05,SKU01841,30,238.23,7.94,0
2025-04-12,ST05,SKU01842,12,208.61,17.38,0
2025-04-12,ST06,SKU01843,15,172.85,11.52,1
2025-04-12,ST06,SKU01844,20,2201.13,110.06,0
2025-04-12,ST07,SKU01845,25,878.1,35.12,0
2025-04-12,ST07,SKU01846,8,140.49,17.56,0
2025-04-12,ST08,SKU01847,30,445.26,14.84,0
2025-04-12,ST08,SKU01848,12,823.25,68.6,0
2025-04-12,ST09,SKU01849,15,267.35,17.82,0
2025-04-12,ST09,SKU01850,20,898.08,44.9,0
2025-04-12,ST10,SKU01851,25,399.18,15.97,0
2025-04-12,ST10,SKU01852,8,567.86,70.98,0
2025-04-13,ST01,SKU01853,30,238.23,7.94,0
2025-04-13,ST01,SKU01854,12,208.61,17.38,1
2025-04-13,ST02,SKU01855,15,172.85,11.52,0
2025-04-13,ST02,SKU01856,20,2201.13,110.06,0
2025-04-13,ST03,SKU01857,25,878.1,35.12,0
2025-04-13,ST03,SKU01858,8,140.49,17.56,0
2025-04-13,ST04,SKU01859,30,445.26,14.84,0
2025-04-13,ST04,SKU01860,12,823.25,68.6,0
2025-04-13,ST05,SKU01861,15,267.35,17.82,0
2025-04-13,ST05,SKU01862,20,898.08,44.9,0
2025-04-13,ST06,SKU01863,25,399.18,15.97,1
2025-04-13,ST06,SKU01864,8,567.86,70.98,0
2025-04-13,ST07,SKU01865,30,238.23,7.94,0
2025-04-13,ST07,SKU01866,12,208.61,17.38,0
2025-04-13,ST08,SKU01867,15,172.85,11.52,0
2025-04-13,ST08,SKU01868,20,2201.13,110.06,0
2025-04-13,ST09,SKU01869,25,878.1,35.12,0
2025-04-13,ST09,SKU01870,8,140.49,17.56,0
2025-04-13,ST10,SKU01871,30,445.26,14.84,0
2025-04-13,ST10,SKU01872,12,823.25,68.6,0
2025-04-14,ST01,SKU01873,15,267.35,17.82,0
2025-04-14,ST01,SKU01874,20,898.08,44.9,1
2025-04-14,ST02,SKU01875,25,399.18,15.97,0
2025-04-14,ST02,SKU01876,8,567.86,70.98,0
2025-04-14,ST03,SKU01877,30,238.23,7.94,0
2025-04-14,ST03,SKU01878,12,208.61,17.38,0
2025-04-14,ST04,SKU01879,15,172.85,11.52,0
2025-04-14,ST04,SKU01880,20,2201.13,110.06,0
2025-04-14,ST05,SKU01881,25,878.1,35.12,0
2025-04-14,ST05,SKU01882,8,140.49,17.56,0
2025-04-14,ST06,SKU01883,30,445.26,14.84,1
2025-04-14,ST06,SKU01884,12,823.25,68.6,0
2025-04-14,ST07,SKU01885,15,267.35,17.82,0
2025-04-14,ST07,SKU01886,20,898.08,44.9,0
2025-04-14,ST08,SKU01887,25,399.18,15.97,0
2025-04-14,ST08,SKU01888,8,567.86,70.98,0
2025-04-14,ST09,SKU01889,30,238.23,7.94,0
2025-04-14,ST09,SKU01890,12,208.61,17.38,0
2025-04-14,ST10,SKU01891,15,172.85,11.52,0
2025-04-14,ST10,SKU01892,20,2201.13,110.06,0
2025-04-15,ST01,SKU01893,25,878.1,35.12,0
2025-04-15,ST01,SKU01894,8,140.49,17.56,1
2025-04-15,ST02,SKU01895,30,445.26,14.84,0
2025-04-15,ST02,SKU01896,12,823.25,68.6,0
2025-04-15,ST03,SKU01897,15,267.35,17.82,0
2025-04-15,ST03,SKU01898,20,898.08,44.9,0
2025-04-15,ST04,SKU01899,25,399.18,15.97,0
2025-04-15,ST04,SKU01900,8,567.86,70.98,0
2025-04-15,ST05,SKU01901,30,238.23,7.94,0
2025-04-15,ST05,SKU01902,12,208.61,17.38,0
2025-04-15,ST06,SKU01903,15,172.85,11.52,1
2025-04-15,ST06,SKU01904,20,2201.13,110.06,0
2025-04-15,ST07,SKU01905,25,878.1,35.12,0
2025-04-15,ST07,SKU01906,8,140.49,17.56,0
2025-04-15,ST08,SKU01907,30,445.26,14.84,0
2025-04-15,ST08,SKU01908,12,823.25,68.6,0
2025-04-15,ST09,SKU01909,15,267.35,17.82,0
2025-04-15,ST09,SKU01910,20,898.08,44.9,0
2025-04-15,ST10,SKU01911,25,399.18,15.97,0
2025-04-15,ST10,SKU01912,8,567.86,70.98,0
2025-04-16,ST01,SKU01913,30,238.23,7.94,0
2025-04-16,ST01,SKU01914,12,208.61,17.38,1
2025-04-16,ST02,SKU01915,15,172.85,11.52,0
2025-04-16,ST02,SKU01916,20,2201.13,110.06,0
2025-04-16,ST03,SKU01917,25,878.1,35.12,0
2025-04-16,ST03,SKU01918,8,140.49,17.56,0
2025-04-16,ST04,SKU01919,30,445.26,14.84,0
2025-04-16,ST04,SKU01920,12,823.25,68.6,0
2025-04-16,ST05,SKU01921,15,267.35,17.82,0
2025-04-16,ST05,SKU01922,20,898.08,44.9,0
2025-04-16,ST06,SKU01923,25,399.18,15.97,1
2025-04-16,ST06,SKU01924,8,567.86,70.98,0
2025-04-16,ST07,SKU01925,30,238.23,7.94,0
2025-04-16,ST07,SKU01926,12,208.61,17.38,0
2025-04-16,ST08,SKU01927,15,172.85,11.52,0
2025-04-16,ST08,SKU01928,20,2201.13,110.06,0
2025-04-16,ST09,SKU01929,25,878.1,35.12,0
2025-04-16,ST09,SKU01930,8,140.49,17.56,0
2025-04-16,ST10,SKU01931,30,445.26,14.84,0
2025-04-16,ST10,SKU01932,12,823.25,68.6,0
2025-04-17,ST01,SKU01933,15,267.35,17.82,0
2025-04-17,ST01,SKU01934,20,898.08,44.9,1
2025-04-17,ST02,SKU01935,25,399.18,15.97,0
2025-04-17,ST02,SKU01936,8,567.86,70.98,0
2025-04-17,ST03,SKU01937,30,238.23,7.94,0
2025-04-17,ST03,SKU01938,12,208.61,17.38,0
2025-04-17,ST04,SKU01939,15,172.85,11.52,0
2025-04-17,ST04,SKU01940,20,2201.13,110.06,0
2025-04-17,ST05,SKU01941,25,878.1,35.12,0
2025-04-17,ST05,SKU01942,8,140.49,17.56,0
2025-04-17,ST06,SKU01943,30,445.26,14.84,1
2025-04-17,ST06,SKU01944,12,823.25,68.6,0
2025-04-17,ST07,SKU01945,15,267.35,17.82,0
2025-04-17,ST07,SKU01946,20,898.08,44.9,0
2025-04-17,ST08,SKU01947,25,399.18,15.97,0
2025-04-17,ST08,SKU01948,8,567.86,70.98,0
2025-04-17,ST09,SKU01949,30,238.23,7.94,0
2025-04-17,ST09,SKU01950,12,208.61,17.38,0
2025-04-17,ST10,SKU01951,15,172.85,11.52,0
2025-04-17,ST10,SKU01952,20,2201.13,110.06,0
2025-04-18,ST01,SKU01953,25,878.1,35.12,0
2025-04-18,ST01,SKU01954,8,140.49,17.56,1
2025-04-18,ST02,SKU01955,30,445.26,14.84,0
2025-04-18,ST02,SKU01956,12,823.25,68.6,0
2025-04-18,ST03,SKU01957,15,267.35,17.82,0
2025-04-18,ST03,SKU01958,20,898.08,44.9,0
2025-04-18,ST04,SKU01959,25,399.18,15.97,0
2025-04-18,ST04,SKU01960,8,567.86,70.98,0
2025-04-18,ST05,SKU01961,30,238.23,7.94,0
2025-04-18,ST05,SKU01962,12,208.61,17.38,0
2025-04-18,ST06,SKU01963,15,172.85,11.52,1
2025-04-18,ST06,SKU01964,20,2201.13,110.06,0
2025-04-18,ST07,SKU01965,25,878.1,35.12,0
2025-04-18,ST07,SKU01966,8,140.49,17.56,0
2025-04-18,ST08,SKU01967,30,445.26,14.84,0
2025-04-18,ST08,SKU01968,12,823.25,68.6,0
2025-04-18,ST09,SKU01969,15,267.35,17.82,0
2025-04-18,ST09,SKU01970,20,898.08,44.9,0
2025-04-18,ST10,SKU01971,25,399.18,15.97,0
2025-04-18,ST10,SKU01972,8,567.86,70.98,0
2025-04-19,ST01,SKU01973,30,238.23,7.94,0
2025-04-19,ST01,SKU01974,12,208.61,17.38,1
2025-04-19,ST02,SKU01975,15,172.85,11.52,0
2025-04-19,ST02,SKU01976,20,2201.13,110.06,0
2025-04-19,ST03,SKU01977,25,878.1,35.12,0
2025-04-19,ST03,SKU01978,8,140.49,17.56,0
2025-04-19,ST04,SKU01979,30,445.26,14.84,0
2025-04-19,ST04,SKU01980,12,823.25,68.6,0
2025-04-19,ST05,SKU01981,15,267.35,17.82,0
2025-04-19,ST05,SKU01982,20,898.08,44.9,0
2025-04-19,ST06,SKU01983,25,399.18,15.97,1
2025-04-19,ST06,SKU01984,8,567.86,70.98,0
2025-04-19,ST07,SKU01985,30,238.23,7.94,0
2025-04-19,ST07,SKU01986,12,208.61,17.38,0
2025-04-19,ST08,SKU01987,15,172.85,11.52,0
2025-04-19,ST08,SKU01988,20,2201.13,110.06,0
2025-04-19,ST09,SKU01989,25,878.1,35.12,0
2025-04-19,ST09,SKU01990,8,140.49,17.56,0
2025-04-19,ST10,SKU01991,30,445.26,14.84,0
2025-04-19,ST10,SKU01992,12,823.25,68.6,0
2025-04-20,ST01,SKU01993,15,267.35,17.82,0
2025-04-20,ST01,SKU01994,20,898.08,44.9,1
2025-04-20,ST02,SKU01995,25,399.18,15.97,0
2025-04-20,ST02,SKU01996,8,567.86,70.98,0
2025-04-20,ST03,SKU01997,30,238.23,7.94,0
2025-04-20,ST03,SKU01998,12,208.61,17.38,0
2025-04-20,ST04,SKU01999,15,172.85,11.52,0
2025-04-20,ST04,SKU02000,20,2201.13,110.06,0
2025-04-20,ST05,SKU02001,25,878.1,35.12,0
2025-04-20,ST05,SKU02002,8,140.49,17.56,0
2025-04-20,ST06,SKU02003,30,445.26,14.84,1
2025-04-20,ST06,SKU02004,12,823.25,68.6,0
2025-04-20,ST07,SKU02005,15,267.35,17.82,0
2025-04-20,ST07,SKU02006,20,898.08,44.9,0
2025-04-20,ST08,SKU02007,25,399.18,15.97,0
2025-04-20,ST08,SKU02008,8,567.86,70.98,0
2025-04-20,ST09,SKU02009,30,238.23,7.94,0
2025-04-20,ST09,SKU02010,12,208.61,17.38,0
2025-04-20,ST10,SKU02011,15,172.85,11.52,0
2025-04-20,ST10,SKU02012,20,2201.13,110.06,0
2025-04-21,ST01,SKU02013,25,878.1,35.12,0
2025-04-21,ST01,SKU02014,8,140.49,17.56,1
2025-04-21,ST02,SKU02015,30,445.26,14.84,0
2025-04-21,ST02,SKU02016,12,823.25,68.6,0
2025-04-21,ST03,SKU02017,15,267.35,17.82,0
2025-04-21,ST03,SKU02018,20,898.08,44.9,0
2025-04-21,ST04,SKU02019,25,399.18,15.97,0
2025-04-21,ST04,SKU02020,8,567.86,70.98,0
2025-04-21,ST05,SKU02021,30,238.23,7.94,0
2025-04-21,ST05,SKU02022,12,208.61,17.38,0
2025-04-21,ST06,SKU02023,15,172.85,11.52,1
2025-04-21,ST06,SKU02024,20,2201.13,110.06,0
2025-04-21,ST07,SKU02025,25,878.1,35.12,0
2025-04-21,ST07,SKU02026,8,140.49,17.56,0
2025-04-21,ST08,SKU02027,30,445.26,14.84,0
2025-04-21,ST08,SKU02028,12,823.25,68.6,0
2025-04-21,ST09,SKU02029,15,267.35,17.82,0
2025-04-21,ST09,SKU02030,20,898.08,44.9,0
2025-04-21,ST10,SKU02031,25,399.18,15.97,0
2025-04-21,ST10,SKU02032,8,567.86,70.98,0
2025-04-22,ST01,SKU02033,30,238.23,7.94,0
2025-04-22,ST01,SKU02034,12,208.61,17.38,1
2025-04-22,ST02,SKU02035,15,172.85,11.52,0
2025-04-22,ST02,SKU02036,20,2201.13,110.06,0
2025-04-22,ST03,SKU02037,25,878.1,35.12,0
2025-04-22,ST03,SKU02038,8,140.49,17.56,0
2025-04-22,ST04,SKU02039,30,445.26,14.84,0
2025-04-22,ST04,SKU02040,12,823.25,68.6,0
2025-04-22,ST05,SKU02041,15,267.35,17.82,0
2025-04-22,ST05,SKU02042,20,898.08,44.9,0
2025-04-22,ST06,SKU02043,25,399.18,15.97,1
2025-04-22,ST06,SKU02044,8,567.86,70.98,0
2025-04-22,ST07,SKU02045,30,238.23,7.94,0
2025-04-22,ST07,SKU02046,12,208.61,17.38,0
2025-04-22,ST08,SKU02047,15,172.85,11.52,0
2025-04-22,ST08,SKU02048,20,2201.13,110.06,0
2025-04-22,ST09,SKU02049,25,878.1,35.12,0
2025-04-22,ST09,SKU02050,8,140.49,17.56,0
2025-04-22,ST10,SKU02051,30,445.26,14.84,0
2025-04-22,ST10,SKU02052,12,823.25,68.6,0
2025-04-23,ST01,SKU02053,15,267.35,17.82,0
2025-04-23,ST01,SKU02054,20,898.08,44.9,1
2025-04-23,ST02,SKU02055,25,399.18,15.97,0
2025-04-23,ST02,SKU02056,8,567.86,70.98,0
2025-04-23,ST03,SKU02057,30,238.23,7.94,0
2025-04-23,ST03,SKU02058,12,208.61,17.38,0
2025-04-23,ST04,SKU02059,15,172.85,11.52,0
2025-04-23,ST04,SKU02060,20,2201.13,110.06,0
2025-04-23,ST05,SKU02061,25,878.1,35.12,0
2025-04-23,ST05,SKU02062,8,140.49,17.56,0
2025-04-23,ST06,SKU02063,30,445.26,14.84,1
2025-04-23,ST06,SKU02064,12,823.25,68.6,0
2025-04-23,ST07,SKU02065,15,267.35,17.82,0
2025-04-23,ST07,SKU02066,20,898.08,44.9,0
2025-04-23,ST08,SKU02067,25,399.18,15.97,0
2025-04-23,ST08,SKU02068,8,567.86,70.98,0
2025-04-23,ST09,SKU02069,30,238.23,7.94,0
2025-04-23,ST09,SKU02070,12,208.61,17.38,0
2025-04-23,ST10,SKU02071,15,172.85,11.52,0
2025-04-23,ST10,SKU02072,20,2201.13,110.06,0
2025-04-24,ST01,SKU02073,25,878.1,35.12,0
2025-04-24,ST01,SKU02074,8,140.49,17.56,1
2025-04-24,ST02,SKU02075,30,445.26,14.84,0
2025-04-24,ST02,SKU02076,12,823.25,68.6,0
2025-04-24,ST03,SKU02077,15,267.35,17.82,0
2025-04-24,ST03,SKU02078,20,898.08,44.9,0
2025-04-24,ST04,SKU02079,25,399.18,15.97,0
2025-04-24,ST04,SKU02080,8,567.86,70.98,0
2025-04-24,ST05,SKU02081,30,238.23,7.94,0
2025-04-24,ST05,SKU02082,12,208.61,17.38,0
2025-04-24,ST06,SKU02083,15,172.85,11.52,1
2025-04-24,ST06,SKU02084,20,2201.13,110.06,0
2025-04-24,ST07,SKU02085,25,878.1,35.12,0
2025-04-24,ST07,SKU02086,8,140.49,17.56,0
2025-04-24,ST08,SKU02087,30,445.26,14.84,0
2025-04-24,ST08,SKU02088,12,823.25,68.6,0
2025-04-24,ST09,SKU02089,15,267.35,17.82,0
2025-04-24,ST09,SKU02090,20,898.08,44.9,0
2025-04-24,ST10,SKU02091,25,399.18,15.97,0
2025-04-24,ST10,SKU02092,8,567.86,70.98,0
2025-04-25,ST01,SKU02093,30,238.23,7.94,0
2025-04-25,ST01,SKU02094,12,208.61,17.38,1
2025-04-25,ST02,SKU02095,15,172.85,11.52,0
2025-04-25,ST02,SKU02096,20,2201.13,110.06,0
2025-04-25,ST03,SKU02097,25,878.1,35.12,0
2025-04-25,ST03,SKU02098,8,140.49,17.56,0
2025-04-25,ST04,SKU02099,30,445.26,14.84,0
2025-04-25,ST04,SKU02100,12,823.25,68.6,0
2025-04-25,ST05,SKU02101,15,267.35,17.82,0
2025-04-25,ST05,SKU02102,20,898.08,44.9,0
2025-04-25,ST06,SKU02103,25,399.18,15.97,1
2025-04-25,ST06,SKU02104,8,567.86,70.98,0
2025-04-25,ST07,SKU02105,30,238.23,7.94,0
2025-04-25,ST07,SKU02106,12,208.61,17.38,0
2025-04-25,ST08,SKU02107,15,172.85,11.52,0
2025-04-25,ST08,SKU02108,20,2201.13,110.06,0
2025-04-25,ST09,SKU02109,25,878.1,35.12,0
2025-04-25,ST09,SKU02110,8,140.49,17.56,0
2025-04-25,ST10,SKU02111,30,445.26,14.84,0
2025-04-25,ST10,SKU02112,12,823.25,68.6,0
2025-04-26,ST01,SKU02113,15,267.35,17.82,0
2025-04-26,ST01,SKU02114,20,898.08,44.9,1
2025-04-26,ST02,SKU02115,25,399.18,15.97,0
2025-04-26,ST02,SKU02116,8,567.86,70.98,0
2025-04-26,ST03,SKU02117,30,238.23,7.94,0
2025-04-26,ST03,SKU02118,12,208.61,17.38,0
2025-04-26,ST04,SKU02119,15,172.85,11.52,0
2025-04-26,ST04,SKU02120,20,2201.13,110.06,0
2025-04-26,ST05,SKU02121,25,878.1,35.12,0
2025-04-26,ST05,SKU02122,8,140.49,17.56,0
2025-04-26,ST06,SKU02123,30,445.26,14.84,1
2025-04-26,ST06,SKU02124,12,823.25,68.6,0
2025-04-26,ST07,SKU02125,15,267.35,17.82,0
2025-04-26,ST07,SKU02126,20,898.08,44.9,0
2025-04-26,ST08,SKU02127,25,399.18,15.97,0
2025-04-26,ST08,SKU02128,8,567.86,70.98,0
2025-04-26,ST09,SKU02129,30,238.23,7.94,0
2025-04-26,ST09,SKU02130,12,208.61,17.38,0
2025-04-26,ST10,SKU02131,15,172.85,11.52,0
2025-04-26,ST10,SKU02132,20,2201.13,110.06,0
2025-04-27,ST01,SKU02133,25,878.1,35.12,0
2025-04-27,ST01,SKU02134,8,140.49,17.56,1
2025-04-27,ST02,SKU02135,30,445.26,14.84,0
2025-04-27,ST02,SKU02136,12,823.25,68.6,0
2025-04-27,ST03,SKU02137,15,267.35,17.82,0
2025-04-27,ST03,SKU02138,20,898.08,44.9,0
2025-04-27,ST04,SKU02139,25,399.18,15.97,0
2025-04-27,ST04,SKU02140,8,567.86,70.98,0
2025-04-27,ST05,SKU02141,30,238.23,7.94,0
2025-04-27,ST05,SKU02142,12,208.61,17.38,0
2025-04-27,ST06,SKU02143,15,172.85,11.52,1
2025-04-27,ST06,SKU02144,20,2201.13,110.06,0
2025-04-27,ST07,SKU02145,25,878.1,35.12,0
2025-04-27,ST07,SKU02146,8,140.49,17.56,0
2025-04-27,ST08,SKU02147,30,445.26,14.84,0
2025-04-27,ST08,SKU02148,12,823.25,68.6,0
2025-04-27,ST09,SKU02149,15,267.35,17.82,0
2025-04-27,ST09,SKU02150,20,898.08,44.9,0
2025-04-27,ST10,SKU02151,25,399.18,15.97,0
2025-04-27,ST10,SKU02152,8,567.86,70.98,0
2025-04-28,ST01,SKU02153,30,238.23,7.94,0
2025-04-28,ST01,SKU02154,12,208.61,17.38,1
2025-04-28,ST02,SKU02155,15,172.85,11.52,0
2025-04-28,ST02,SKU02156,20,2201.13,110.06,0
2025-04-28,ST03,SKU02157,25,878.1,35.12,0
2025-04-28,ST03,SKU02158,8,140.49,17.56,0
2025-04-28,ST04,SKU02159,30,445.26,14.84,0
2025-04-28,ST04,SKU02160,12,823.25,68.6,0
2025-04-28,ST05,SKU02161,15,267.35,17.82,0
2025-04-28,ST05,SKU02162,20,898.08,44.9,0
2025-04-28,ST06,SKU02163,25,399.18,15.97,1
2025-04-28,ST06,SKU02164,8,567.86,70.98,0
2025-04-28,ST07,SKU02165,30,238.23,7.94,0
2025-04-28,ST07,SKU02166,12,208.61,17.38,0
2025-04-28,ST08,SKU02167,15,172.85,11.52,0
2025-04-28,ST08,SKU02168,20,2201.13,110.06,0
2025-04-28,ST09,SKU02169,25,878.1,35.12,0
2025-04-28,ST09,SKU02170,8,140.49,17.56,0
2025-04-28,ST10,SKU02171,30,445.26,14.84,0
2025-04-28,ST10,SKU02172,12,823.25,68.6,0
2025-04-29,ST01,SKU02173,15,267.35,17.82,0
2025-04-29,ST01,SKU02174,20,898.08,44.9,1
2025-04-29,ST02,SKU02175,25,399.18,15.97,0
2025-04-29,ST02,SKU02176,8,567.86,70.98,0
2025-04-29,ST03,SKU02177,30,238.23,7.94,0
2025-04-29,ST03,SKU02178,12,208.61,17.38,0
2025-04-29,ST04,SKU02179,15,172.85,11.52,0
2025-04-29,ST04,SKU02180,20,2201.13,110.06,0
2025-04-29,ST05,SKU02181,25,878.1,35.12,0
2025-04-29,ST05,SKU02182,8,140.49,17.56,0
2025-04-29,ST06,SKU02183,30,445.26,14.84,1
2025-04-29,ST06,SKU02184,12,823.25,68.6,0
2025-04-29,ST07,SKU02185,15,267.35,17.82,0
2025-04-29,ST07,SKU02186,20,898.08,44.9,0
2025-04-29,ST08,SKU02187,25,399.18,15.97,0
2025-04-29,ST08,SKU02188,8,567.86,70.98,0
2025-04-29,ST09,SKU02189,30,238.23,7.94,0
2025-04-29,ST09,SKU02190,12,208.61,17.38,0
2025-04-29,ST10,SKU02191,15,172.85,11.52,0
2025-04-29,ST10,SKU02192,20,2201.13,110.06,0
2025-04-30,ST01,SKU02193,25,878.1,35.12,0
2025-04-30,ST01,SKU02194,8,140.49,17.56,1
2025-04-30,ST02,SKU02195,30,445.26,14.84,0
2025-04-30,ST02,SKU02196,12,823.25,68.6,0
2025-04-30,ST03,SKU02197,15,267.35,17.82,0
2025-04-30,ST03,SKU02198,20,898.08,44.9,0
2025-04-30,ST04,SKU02199,25,399.18,15.97,0
2025-04-30,ST04,SKU02200,8,567.86,70.98,0
2025-04-30,ST05,SKU02201,30,238.23,7.94,0
2025-04-30,ST05,SKU02202,12,208.61,17.38,0
2025-04-30,ST06,SKU02203,15,172.85,11.52,1
2025-04-30,ST06,SKU02204,20,2201.13,110.06,0
2025-04-30,ST07,SKU02205,25,878.1,35.12,0
2025-04-30,ST07,SKU02206,8,140.49,17.56,0
2025-04-30,ST08,SKU02207,30,445.26,14.84,0
2025-04-30,ST08,SKU02208,12,823.25,68.6,0
2025-04-30,ST09,SKU02209,15,267.35,17.82,0
2025-04-30,ST09,SKU02210,20,898.08,44.9,0
2025-04-30,ST10,SKU02211,25,399.18,15.97,0
2025-04-30,ST10,SKU02212,8,567.86,70.98,0
